"EA-Type"	"EA-Package"	"EA-Name"	"EA-GUID"	"EA-Parent"	"EA-Domain"	"EA-Domain-GUID"	"EA-Range"	"label-nl"	"ap-definition-nl"	"ap-usageNote-nl"	"ap-codelist"	"external term"	"namespace"	"localname"	"type"	"domain"	"range"	"parent"	"min card"	"max card"
"Package"	""	"OSLO-Adres"	"{A932FAA1-BC5B-49df-973A-B6B99AD02592}"	""	""	""	""	""	""	""	""	""	"http://data.vlaanderen.be/ns/"	"adres"	"http://www.w3.org/2002/07/owl#Ontology"	""	""	""
"CLASS"	"OSLO-Generiek"	"Agent"	"{68B20A1B-8000-46f2-8361-E7A9E931253F}"	""	""	""	""	"TODO"	"TODO"	""	""	"true"	"http://purl.org/dc/terms/"	"Agent"	"http://www.w3.org/2000/01/rdf-schema#Class"	""	""	""
"DATATYPE"	"OSLO-Generiek"	"GeografischeNaam"	"{A6BA271E-89A7-4ecb-906A-02132C40EFBE}"	""	""	""	""	"TODO"	"TODO"	""	""	"true"	"http://www.w3.org/1999/02/22-rdf-syntax-ns#"	"langString"	"http://www.w3.org/2000/01/rdf-schema#Class"	""	""	""
"DATATYPE"	"OSLO-Generiek"	"GeografischePositie"	"{EBD6C1CD-B9D4-475d-9FAA-327C3AC15B94}"	""	""	""	""	"TODO"	"TODO"	""	""	"true"	"http://www.w3.org/ns/locn#"	"Geometry"	"http://www.w3.org/2000/01/rdf-schema#Class"	""	""	""
"ENUMERATION"	"OSLO-Adres"	"Locatorniveauwaarde"	"{A3B53A0F-0D19-4da0-BE86-1411B72E7776}"	""	""	""	""	"TODO"	"TODO"	""	""	"true"	"http://www.w3.org/2004/02/skos/core#"	"Concept"	"http://www.w3.org/2000/01/rdf-schema#Class"	""	""	""
"DATATYPE"	"OSLO-Adres"	"Adreslocator"	"{2468FFEA-D23E-4045-B112-B0B1D4EC3674}"	""	""	""	""	"Adreslocator"	"TODO"	""	""	"false"	"http://data.vlaanderen.be/ns/adres#"	"Adreslocator"	"http://www.w3.org/2000/01/rdf-schema#Class"	""	""	""
"ENUMERATION"	"OSLO-Adres"	"Locatienaamtype"	"{54E9ADE5-1A3E-4a2e-8539-8C8650F5E42C}"	""	""	""	""	"TODO"	"TODO"	""	""	"true"	"http://www.w3.org/2004/02/skos/core#"	"Concept"	"http://www.w3.org/2000/01/rdf-schema#Class"	""	""	""
"ENUMERATION"	"OSLO-Adres"	"Locatieaanduidingtype"	"{5AF4597A-C84A-4770-A80A-1EB216C83406}"	""	""	""	""	"TODO"	"TODO"	""	""	"true"	"http://www.w3.org/2004/02/skos/core#"	"Concept"	"http://www.w3.org/2000/01/rdf-schema#Class"	""	""	""
"ENUMERATION"	"OSLO-Adres"	"Statuswaarde"	"{DFB35278-1499-4da9-8BFC-97A3BEBFEAEC}"	""	""	""	""	"TODO"	"TODO"	""	""	"true"	"http://www.w3.org/2004/02/skos/core#"	"Concept"	"http://www.w3.org/2000/01/rdf-schema#Class"	""	""	""
"DATATYPE"	"OSLO-Adres"	"Locatienaam"	"{36746C76-0D2A-4d10-9E9D-09A5C7AC2D84}"	""	""	""	""	"Locatienaam"	"TODO"	""	""	"false"	"http://data.vlaanderen.be/ns/adres#"	"Locatienaam"	"http://www.w3.org/2000/01/rdf-schema#Class"	""	""	""
"DATATYPE"	"OSLO-Adres"	"Locatieaanduiding"	"{A30F3160-22D3-42e0-BF95-31550FB0D953}"	""	""	""	""	"Locatieaanduiding"	"TODO"	""	""	"false"	"http://data.vlaanderen.be/ns/adres#"	"Locatieaanduiding"	"http://www.w3.org/2000/01/rdf-schema#Class"	""	""	""
"DATATYPE"	"OSLO-Adres"	"Adresvoorstelling"	"{F045271F-DD68-4306-85EF-6A36D7D2B2C1}"	""	""	""	""	"Adres Voorstelling"	"TODO"	""	""	"true"	"http://www.w3.org/ns/locn#"	"Address"	"http://www.w3.org/2000/01/rdf-schema#Class"	""	""	""
"CLASS"	"OSLO-Adres"	"Gemeentenaam"	"{B6E01B32-7AAE-44e3-BE74-AE8435B0A233}"	""	""	""	""	"Gemeentenaam"	"TODO"	""	""	"false"	"http://data.vlaanderen.be/ns/adres#"	"Gemeentenaam"	"http://www.w3.org/2000/01/rdf-schema#Class"	""	""	""
"CLASS"	"OSLO-Gebouw"	"Gebouweenheid"	"{20E05E70-967B-467b-B03F-3B6A86E8ECE1}"	"AdresseerbaarObject"	""	""	""	"TODO"	"TODO"	""	""	"true"	"http://fixme.com#"	"Gebouweenheid"	"http://www.w3.org/2000/01/rdf-schema#Class"	""	""	"http://data.vlaanderen.be/ns/adres#AdresseerbaarObject"
"CLASS"	"OSLO-Perceel"	"Perceel"	"{0DC30E95-EB88-439b-B28F-A8603B0444FF}"	"AdresseerbaarObject"	""	""	""	"TODO"	"TODO"	""	""	"true"	"http://fixme.com#"	"Perceel"	"http://www.w3.org/2000/01/rdf-schema#Class"	""	""	"http://data.vlaanderen.be/ns/adres#AdresseerbaarObject"
"CLASS"	"OSLO-Placeholder"	"Ligplaats"	"{2B921C1C-963A-483b-B42D-3A5CB50009C1}"	"AdresseerbaarObject"	""	""	""	"TODO"	"TODO"	""	""	"true"	"http://fixme.com#"	"Ligplaats"	"http://www.w3.org/2000/01/rdf-schema#Class"	""	""	"http://data.vlaanderen.be/ns/adres#AdresseerbaarObject"
"CLASS"	"OSLO-Placeholder"	"Standplaats"	"{F0214AC9-3156-442b-A263-13D116F71A7D}"	"AdresseerbaarObject"	""	""	""	"TODO"	"TODO"	""	""	"true"	"http://fixme.com#"	"Standplaats"	"http://www.w3.org/2000/01/rdf-schema#Class"	""	""	"http://data.vlaanderen.be/ns/adres#AdresseerbaarObject"
"CLASS"	"OSLO-Adres"	"Postinfo"	"{82CC5188-09FA-4c71-A903-FCFC8E85FDBC}"	""	""	""	""	"Postinfo"	"TODO"	""	""	"false"	"http://data.vlaanderen.be/ns/adres#"	"Postinfo"	"http://www.w3.org/2000/01/rdf-schema#Class"	""	""	""
"CLASS"	"OSLO-Gebouw"	"Gebouw"	"{B90B2D07-6C56-4749-BE25-EEB47534AB9B}"	""	""	""	""	"TODO"	"TODO"	""	""	"true"	"http://fixme.com#"	"Gebouw"	"http://www.w3.org/2000/01/rdf-schema#Class"	""	""	""
"CLASS"	"OSLO-Adres"	"Adresuitbreiding"	"{F65B60D1-DC89-44bb-9815-A20794B6336F}"	""	""	""	""	"Adresuitbreiding"	"TODO"	""	""	"false"	"http://data.vlaanderen.be/ns/adres#"	"Adresuitbreiding"	"http://www.w3.org/2000/01/rdf-schema#Class"	""	""	""
"CLASS"	"OSLO-Adres"	"Straatnaam"	"{B1791B54-CE53-4918-BF37-488BF8E935DB}"	""	""	""	""	"Straatnaam"	"TODO"	""	""	"false"	"http://data.vlaanderen.be/ns/adres#"	"Straatnaam"	"http://www.w3.org/2000/01/rdf-schema#Class"	""	""	""
"CLASS"	"OSLO-Adres"	"AdresseerbaarObject"	"{6AD4895E-A7ED-4986-A866-AF67E29A0460}"	""	""	""	""	"Adresseerbaar Object"	"TODO"	""	""	"false"	"http://data.vlaanderen.be/ns/adres#"	"AdresseerbaarObject"	"http://www.w3.org/2000/01/rdf-schema#Class"	""	""	""
"CLASS"	"OSLO-Adres"	"Adres"	"{8F99766F-3674-46d6-9FE3-05FC60253B4E}"	""	""	""	""	"Belgisch Adres"	"TODO"	""	""	"false"	"http://data.vlaanderen.be/ns/adres#"	"Adres"	"http://www.w3.org/2000/01/rdf-schema#Class"	""	""	""
"connector"	""	"verwijstNaar"	"{D3018670-EB77-4ffb-87E3-62BFBDA3FBE4}"	""	"Adresvoorstelling"	"{F045271F-DD68-4306-85EF-6A36D7D2B2C1}"	"Adres"	"verwijst naar"	"TODO"	""	""	"false"	"http://data.vlaanderen.be/ns/adres#"	"verwijstNaar"	"http://www.w3.org/2002/07/owl#ObjectProperty"	"http://www.w3.org/ns/locn#Address"	"http://data.vlaanderen.be/ns/adres#Adres"	""	""	""
"connector"	""	"isVerrijktMet"	"{DFBDB3DF-22A3-4bb0-A5CD-597368357FB4}"	""	"Adres"	"{8F99766F-3674-46d6-9FE3-05FC60253B4E}"	"Adresuitbreiding"	"is verrijkt met"	"TODO"	""	""	"false"	"http://data.vlaanderen.be/ns/adres#"	"isVerrijktMet"	"http://www.w3.org/2002/07/owl#ObjectProperty"	"http://data.vlaanderen.be/ns/adres#Adres"	"http://data.vlaanderen.be/ns/adres#Adresuitbreiding"	""	"0"	"1"
"connector"	""	"heeftPostinfo"	"{1B52ACFD-AF05-4586-8C03-EC7DC34D259B}"	""	"Adres"	"{8F99766F-3674-46d6-9FE3-05FC60253B4E}"	"Postinfo"	"heeft postinfo"	"TODO"	""	""	"false"	"http://data.vlaanderen.be/ns/adres#"	"heeftPostinfo"	"http://www.w3.org/2002/07/owl#ObjectProperty"	"http://data.vlaanderen.be/ns/adres#Adres"	"http://data.vlaanderen.be/ns/adres#Postinfo"	""	"1"	"1"
"connector"	""	"isToegekendDoor"	"{414C3BBA-B264-4eb8-A764-0A2DD78279BA}"	""	"Adres"	"{8F99766F-3674-46d6-9FE3-05FC60253B4E}"	"Agent"	"toegeschreven aan"	"TODO"	""	""	"true"	"http://www.w3.org/ns/prov#"	"wasAttributedTo"	"http://www.w3.org/2002/07/owl#ObjectProperty"	"http://data.vlaanderen.be/ns/adres#Adres"	"http://purl.org/dc/terms/Agent"	""	"1"	"1"
"connector"	""	"bestaatUit"	"{03B9A7D6-1EE9-4d71-A96A-CEE6BDB1D40A}"	""	"Gebouw"	"{B90B2D07-6C56-4749-BE25-EEB47534AB9B}"	"Gebouweenheid"	"TODO"	"TODO"	""	""	"true"	"http://fixme.com#"	"bestaatUit"	"http://www.w3.org/2002/07/owl#ObjectProperty"	"http://fixme.com#Gebouw"	"http://fixme.com#Gebouweenheid"	""	"0"	"*"
"connector"	""	"isToegekendDoor"	"{070A936F-A6C1-43ac-A5A0-A3E5650BE6F2}"	""	"Straatnaam"	"{B1791B54-CE53-4918-BF37-488BF8E935DB}"	"Agent"	"toegeschreven aan"	"TODO"	""	""	"true"	"http://www.w3.org/ns/prov#"	"wasAttributedTo"	"http://www.w3.org/2002/07/owl#ObjectProperty"	"http://data.vlaanderen.be/ns/adres#Straatnaam"	"http://purl.org/dc/terms/Agent"	""	"1"	"1"
"connector"	""	"isToegekendAan"	"{3AE65967-93D1-45f4-B89D-232373C95354}"	""	"Adres"	"{8F99766F-3674-46d6-9FE3-05FC60253B4E}"	"AdresseerbaarObject"	"is toegekend aan"	"TODO"	""	""	"false"	"http://data.vlaanderen.be/ns/adres#"	"isToegekendAan"	"http://www.w3.org/2002/07/owl#ObjectProperty"	"http://data.vlaanderen.be/ns/adres#Adres"	"http://data.vlaanderen.be/ns/adres#AdresseerbaarObject"	""	"0"	"*"
"connector"	""	"heeftStraatnaam"	"{3D516B97-96D0-43ef-BE90-CBD3A70050C7}"	""	"Adres"	"{8F99766F-3674-46d6-9FE3-05FC60253B4E}"	"Straatnaam"	"heeft straatnaam"	"TODO"	""	""	"false"	"http://data.vlaanderen.be/ns/adres#"	"heeftStraatnaam"	"http://www.w3.org/2002/07/owl#ObjectProperty"	"http://data.vlaanderen.be/ns/adres#Adres"	"http://data.vlaanderen.be/ns/adres#Straatnaam"	""	"1"	"1"
"connector"	""	"heeftGemeentenaam"	"{DF5E459A-AF4E-49bf-8B82-D2FB721C6CAE}"	""	"Adres"	"{8F99766F-3674-46d6-9FE3-05FC60253B4E}"	"Gemeentenaam"	"heeft gemeentenaam"	"TODO"	""	""	"false"	"http://data.vlaanderen.be/ns/adres#"	"heeftGemeentenaam"	"http://www.w3.org/2002/07/owl#ObjectProperty"	"http://data.vlaanderen.be/ns/adres#Adres"	"http://data.vlaanderen.be/ns/adres#Gemeentenaam"	""	"1"	"1"
"attribute"	"OSLO-Generiek"	"default"	"{4F9211F9-A00D-4f8c-A9DF-6C57C1BFD033}"	""	"GeografischePositie"	"{EBD6C1CD-B9D4-475d-9FAA-327C3AC15B94}"	"Boolean"	"TODO"	"TODO"	""	""	"true"	"http://data.vlaanderen.be/ns/generiek#"	"default"	"http://www.w3.org/2002/07/owl#DatatypeProperty"	"http://www.w3.org/ns/locn#Geometry"	"http://www.w3.org/2001/XMLSchema#boolean"	""	"1"	"1"
"attribute"	"OSLO-Generiek"	"geometrie"	"{F8C4B69F-250F-4eff-BF14-859F00CEEBDA}"	""	"GeografischePositie"	"{EBD6C1CD-B9D4-475d-9FAA-327C3AC15B94}"	"Geometrie"	"TODO"	"TODO"	""	""	"true"	"http://data.vlaanderen.be/ns/generiek#"	"geometrie"	"http://www.w3.org/2002/07/owl#ObjectProperty"	"http://www.w3.org/ns/locn#Geometry"	"http://data.vlaanderen.be/ns/generiek#Geometrie"	""	"1"	"1"
"attribute"	"OSLO-Generiek"	"methode"	"{685F839C-2770-44e7-B1E7-AF751D774166}"	""	"GeografischePositie"	"{EBD6C1CD-B9D4-475d-9FAA-327C3AC15B94}"	"GeometrieMethodeWaarde"	"TODO"	"TODO"	"Zie http://inspire.ec.europa.eu/codelist/GeometryMethodValue."	""	"true"	"http://data.vlaanderen.be/ns/generiek#"	"methode"	"http://www.w3.org/2002/07/owl#ObjectProperty"	"http://www.w3.org/ns/locn#Geometry"	"http://www.w3.org/2004/02/skos/core#Concept"	""	"0"	"1"
"attribute"	"OSLO-Generiek"	"specificatie"	"{303DB95D-83E6-483d-828C-33140FB7688A}"	""	"GeografischePositie"	"{EBD6C1CD-B9D4-475d-9FAA-327C3AC15B94}"	"GeometrieSpecificatieWaarde"	"TODO"	"TODO"	"Zie http://inspire.ec.europa.eu/codelist/GeometrySpecificationValue."	""	"true"	"http://data.vlaanderen.be/ns/generiek#"	"specificatie"	"http://www.w3.org/2002/07/owl#ObjectProperty"	"http://www.w3.org/ns/locn#Geometry"	"http://www.w3.org/2004/02/skos/core#Concept"	""	"0"	"1"
"attribute"	"OSLO-Adres"	"aanduiding"	"{471FADA7-9B3D-49f6-A1D7-B504FCC74DE0}"	""	"Adreslocator"	"{2468FFEA-D23E-4045-B112-B0B1D4EC3674}"	"Locatieaanduiding"	"aanduiding"	"TODO"	""	""	"false"	"http://data.vlaanderen.be/ns/adres#"	"aanduiding"	"http://www.w3.org/2002/07/owl#ObjectProperty"	"http://data.vlaanderen.be/ns/adres#Adreslocator"	"http://data.vlaanderen.be/ns/adres#Locatieaanduiding"	""	"0"	"*"
"attribute"	"OSLO-Adres"	"naam"	"{808E8190-5F8C-4bf3-B8E4-320BFBA853E3}"	""	"Adreslocator"	"{2468FFEA-D23E-4045-B112-B0B1D4EC3674}"	"Locatienaam"	"TODO"	"TODO"	""	""	"true"	"https://www.w3.org/2000/01/rdf-schema#"	"label"	"http://www.w3.org/2002/07/owl#ObjectProperty"	"http://data.vlaanderen.be/ns/adres#Adreslocator"	"http://data.vlaanderen.be/ns/adres#Locatienaam"	""	"0"	"*"
"attribute"	"OSLO-Adres"	"niveau"	"{29D90264-484D-4bd1-B829-1885DCC3078C}"	""	"Adreslocator"	"{2468FFEA-D23E-4045-B112-B0B1D4EC3674}"	"Locatorniveauwaarde"	"niveau"	"TODO"	"Zie http://inspire.ec.europa.eu/codelist/LocatorLevelValue."	""	"false"	"http://data.vlaanderen.be/ns/adres#"	"niveau"	"http://www.w3.org/2002/07/owl#ObjectProperty"	"http://data.vlaanderen.be/ns/adres#Adreslocator"	"http://www.w3.org/2004/02/skos/core#Concept"	""	"1"	"1"
"attribute"	"OSLO-Adres"	"naam"	"{2BC2CC4A-5EEB-420e-9283-B6A014BB0DB5}"	""	"Locatienaam"	"{36746C76-0D2A-4d10-9E9D-09A5C7AC2D84}"	"GeografischeNaam"	"TODO"	"TODO"	""	""	"true"	"https://www.w3.org/2000/01/rdf-schema#"	"label"	"http://www.w3.org/2002/07/owl#DatatypeProperty"	"http://data.vlaanderen.be/ns/adres#Locatienaam"	"http://www.w3.org/1999/02/22-rdf-syntax-ns#langString"	""	"1"	"*"
"attribute"	"OSLO-Adres"	"type"	"{C0C28EB8-0D6F-4ab7-B0A8-140057F777BC}"	""	"Locatienaam"	"{36746C76-0D2A-4d10-9E9D-09A5C7AC2D84}"	"Locatienaamtype"	"type"	"TODO"	"Zie http://inspire.ec.europa.eu/codelist/LocatorNameTypeValue."	""	"false"	"http://data.vlaanderen.be/ns/adres#"	"Locatienaam.type"	"http://www.w3.org/2002/07/owl#ObjectProperty"	"http://data.vlaanderen.be/ns/adres#Locatienaam"	"http://www.w3.org/2004/02/skos/core#Concept"	""	"1"	"1"
"attribute"	"OSLO-Adres"	"aanduiding"	"{7A360ECA-4FFB-49b1-A71C-354987B25392}"	""	"Locatieaanduiding"	"{A30F3160-22D3-42e0-BF95-31550FB0D953}"	"Locatieaanduidingtype"	"aanduiding"	"TODO"	""	""	"false"	"http://data.vlaanderen.be/ns/adres#"	"Locatieaanduiding.aanduiding"	"http://www.w3.org/2002/07/owl#ObjectProperty"	"http://data.vlaanderen.be/ns/adres#Locatieaanduiding"	"http://www.w3.org/2004/02/skos/core#Concept"	""	"1"	"1"
"attribute"	"OSLO-Adres"	"type"	"{1158555D-A356-4243-80E4-D48C3D6FF8F2}"	""	"Locatieaanduiding"	"{A30F3160-22D3-42e0-BF95-31550FB0D953}"	"Locatieaanduidingtype"	"type"	"TODO"	"Zie http://inspire.ec.europa.eu/codelist/LocatorDesignatorTypeValue"	""	"false"	"http://data.vlaanderen.be/ns/adres#"	"Locatieaanduiding.type"	"http://www.w3.org/2002/07/owl#ObjectProperty"	"http://data.vlaanderen.be/ns/adres#Locatieaanduiding"	"http://www.w3.org/2004/02/skos/core#Concept"	""	"1"	"1"
"attribute"	"OSLO-Adres"	"administratieveEenheidNiveau1"	"{0307C58C-5090-499c-9D52-FCEC4C02A1A8}"	""	"Adresvoorstelling"	"{F045271F-DD68-4306-85EF-6A36D7D2B2C1}"	"String"	"administratieve eenheid niveau 1"	"TODO"	""	""	"true"	"http://www.w3.org/ns/locn#"	"adminUnitL1"	"http://www.w3.org/2002/07/owl#DatatypeProperty"	"http://www.w3.org/ns/locn#Address"	"http://www.w3.org/2000/01/rdf-schema#Literal"	""	"0"	"1"
"attribute"	"OSLO-Adres"	"administratieveEenheidNiveau2"	"{9C836503-F0C5-4ad5-BF22-E401D35DEFEA}"	""	"Adresvoorstelling"	"{F045271F-DD68-4306-85EF-6A36D7D2B2C1}"	"String"	"administratieve eenheid niveau 2"	"TODO"	""	""	"true"	"http://www.w3.org/ns/locn#"	"adminUnitL2"	"http://www.w3.org/2002/07/owl#DatatypeProperty"	"http://www.w3.org/ns/locn#Address"	"http://www.w3.org/2000/01/rdf-schema#Literal"	""	"0"	"1"
"attribute"	"OSLO-Adres"	"adresgebied"	"{7C6BFA76-E3B7-4e98-95A4-2F5CBB39A4BD}"	""	"Adresvoorstelling"	"{F045271F-DD68-4306-85EF-6A36D7D2B2C1}"	"String"	"adresgebied"	"TODO"	""	""	"true"	"http://www.w3.org/ns/locn#"	"addressArea"	"http://www.w3.org/2002/07/owl#DatatypeProperty"	"http://www.w3.org/ns/locn#Address"	"http://www.w3.org/2000/01/rdf-schema#Literal"	""	"0"	"1"
"attribute"	"OSLO-Adres"	"busnummer"	"{E4C603E5-FA80-43d0-9E0A-A61049E52473}"	""	"Adresvoorstelling"	"{F045271F-DD68-4306-85EF-6A36D7D2B2C1}"	"String"	"busnummer"	"TODO"	""	""	"false"	"http://data.vlaanderen.be/ns/adres#"	"Adresvoorstelling.busnummer"	"http://www.w3.org/2002/07/owl#DatatypeProperty"	"http://www.w3.org/ns/locn#Address"	"http://www.w3.org/2000/01/rdf-schema#Literal"	"http://www.w3.org/ns/locn#locatorDesignator"	"0"	"1"
"attribute"	"OSLO-Adres"	"gemeentenaam"	"{0203F3C0-3A88-4007-A6F6-87FFCA628B37}"	""	"Adresvoorstelling"	"{F045271F-DD68-4306-85EF-6A36D7D2B2C1}"	"String"	"gemeentenaam"	"TODO"	""	""	"false"	"http://data.vlaanderen.be/ns/adres#"	"gemeentenaam"	"http://www.w3.org/2002/07/owl#DatatypeProperty"	"http://www.w3.org/ns/locn#Address"	"http://www.w3.org/2000/01/rdf-schema#Literal"	"http://www.w3.org/ns/locn#postName"	"0"	"1"
"attribute"	"OSLO-Adres"	"huisnummer"	"{7A47C271-04BB-41f8-8E41-C7706D12DA6A}"	""	"Adresvoorstelling"	"{F045271F-DD68-4306-85EF-6A36D7D2B2C1}"	"String"	"huisnummer"	"TODO"	""	""	"false"	"http://data.vlaanderen.be/ns/adres#"	"Adresvoorstelling.huisnummer"	"http://www.w3.org/2002/07/owl#DatatypeProperty"	"http://www.w3.org/ns/locn#Address"	"http://www.w3.org/2000/01/rdf-schema#Literal"	"http://www.w3.org/ns/locn#locatorDesignator"	"0"	"1"
"attribute"	"OSLO-Adres"	"land"	"{F9EBAFA5-DDAA-498c-970F-FEE2FB927B58}"	""	"Adresvoorstelling"	"{F045271F-DD68-4306-85EF-6A36D7D2B2C1}"	"String"	"land"	"TODO"	""	""	"false"	"http://data.vlaanderen.be/ns/adres#"	"land"	"http://www.w3.org/2002/07/owl#DatatypeProperty"	"http://www.w3.org/ns/locn#Address"	"http://www.w3.org/2000/01/rdf-schema#Literal"	"http://www.w3.org/ns/locn#adminUnitL1"	"0"	"1"
"attribute"	"OSLO-Adres"	"locatieaanduiding"	"{03D1D422-00E5-421f-945D-DEC6CD27DE60}"	""	"Adresvoorstelling"	"{F045271F-DD68-4306-85EF-6A36D7D2B2C1}"	"String"	"locatieaanduiding"	"TODO"	""	""	"true"	"http://www.w3.org/ns/locn#"	"locatorDesignator"	"http://www.w3.org/2002/07/owl#DatatypeProperty"	"http://www.w3.org/ns/locn#Address"	"http://www.w3.org/2000/01/rdf-schema#Literal"	""	"0"	"1"
"attribute"	"OSLO-Adres"	"locatienaam"	"{B5238003-E16A-4460-9EE0-5A8C4099D15C}"	""	"Adresvoorstelling"	"{F045271F-DD68-4306-85EF-6A36D7D2B2C1}"	"String"	"Locatienaam"	"TODO"	""	""	"true"	"http://www.w3.org/ns/locn#"	"locatorName"	"http://www.w3.org/2002/07/owl#DatatypeProperty"	"http://www.w3.org/ns/locn#Address"	"http://www.w3.org/2000/01/rdf-schema#Literal"	""	"0"	"1"
"attribute"	"OSLO-Adres"	"postbus"	"{AC3961DC-7D83-46e9-9F39-2BC5EC5C85E3}"	""	"Adresvoorstelling"	"{F045271F-DD68-4306-85EF-6A36D7D2B2C1}"	"String"	"postbus"	"TODO"	""	""	"true"	"http://www.w3.org/ns/locn#"	"poBox"	"http://www.w3.org/2002/07/owl#DatatypeProperty"	"http://www.w3.org/ns/locn#Address"	"http://www.w3.org/2000/01/rdf-schema#Literal"	""	"0"	"1"
"attribute"	"OSLO-Adres"	"postcode"	"{C185807F-B417-4013-A689-13DFBABFB05D}"	""	"Adresvoorstelling"	"{F045271F-DD68-4306-85EF-6A36D7D2B2C1}"	"String"	"postcode"	"TODO"	""	""	"true"	"http://www.w3.org/ns/locn#"	"postCode"	"http://www.w3.org/2002/07/owl#DatatypeProperty"	"http://www.w3.org/ns/locn#Address"	"http://www.w3.org/2000/01/rdf-schema#Literal"	""	"0"	"1"
"attribute"	"OSLO-Adres"	"postnaam"	"{070887A2-A64D-44ca-BDD8-FB29CE7115CD}"	""	"Adresvoorstelling"	"{F045271F-DD68-4306-85EF-6A36D7D2B2C1}"	"String"	"postnaam"	"TODO"	""	""	"true"	"http://www.w3.org/ns/locn#"	"postName"	"http://www.w3.org/2002/07/owl#DatatypeProperty"	"http://www.w3.org/ns/locn#Address"	"http://www.w3.org/2000/01/rdf-schema#Literal"	""	"0"	"1"
"attribute"	"OSLO-Adres"	"straatnaam"	"{E4B7B8CF-39D0-4653-B45A-3D70C17BCC03}"	""	"Adresvoorstelling"	"{F045271F-DD68-4306-85EF-6A36D7D2B2C1}"	"String"	"straatnaam"	"TODO"	""	""	"true"	"http://www.w3.org/ns/locn#"	"thoroughfare"	"http://www.w3.org/2002/07/owl#DatatypeProperty"	"http://www.w3.org/ns/locn#Address"	"http://www.w3.org/2000/01/rdf-schema#Literal"	""	"0"	"1"
"attribute"	"OSLO-Adres"	"volledigAdres"	"{CA0F4346-71CF-4ac3-8454-D3E06D321CAC}"	""	"Adresvoorstelling"	"{F045271F-DD68-4306-85EF-6A36D7D2B2C1}"	"String"	"volledig adres"	"TODO"	""	""	"true"	"http://www.w3.org/ns/locn#"	"fullAddress"	"http://www.w3.org/2002/07/owl#DatatypeProperty"	"http://www.w3.org/ns/locn#Address"	"http://www.w3.org/2000/01/rdf-schema#Literal"	""	"0"	"1"
"attribute"	"OSLO-Adres"	"gemeentenaam"	"{951FDA96-5D38-459c-B507-78B279933570}"	""	"Gemeentenaam"	"{B6E01B32-7AAE-44e3-BE74-AE8435B0A233}"	"GeografischeNaam"	"gemeentenaam"	"TODO"	""	""	"true"	"http://www.w3.org/2000/01/rdf-schema#"	"label"	"http://www.w3.org/2002/07/owl#DatatypeProperty"	"http://data.vlaanderen.be/ns/adres#Gemeentenaam"	"http://www.w3.org/1999/02/22-rdf-syntax-ns#langString"	""	"1"	"*"
"attribute"	"OSLO-Gebouw"	"adres"	"{D05D1769-CF87-43d0-9FE8-7E3E6165FAF2}"	""	"Gebouweenheid"	"{20E05E70-967B-467b-B03F-3B6A86E8ECE1}"	"Adresvoorstelling"	"TODO"	"TODO"	""	""	"true"	"http://fixme.com#"	"adres"	"http://www.w3.org/2002/07/owl#ObjectProperty"	"http://fixme.com#Gebouweenheid"	"http://www.w3.org/ns/locn#Address"	""	"1"	"1"
"attribute"	"OSLO-Gebouw"	"functie"	"{5559ADC4-E0D1-4c42-A403-5E9A5B69F03B}"	""	"Gebouweenheid"	"{20E05E70-967B-467b-B03F-3B6A86E8ECE1}"	"FunctieCode"	"TODO"	"TODO"	""	""	"true"	"http://fixme.com#"	"functie"	"http://www.w3.org/2002/07/owl#ObjectProperty"	"http://fixme.com#Gebouweenheid"	"http://fixme.com#FunctieCode"	""	"1"	"1"
"attribute"	"OSLO-Gebouw"	"geldigheidsperiode"	"{A89F9184-C92F-4de4-A96B-31FE3DB8C287}"	""	"Gebouweenheid"	"{20E05E70-967B-467b-B03F-3B6A86E8ECE1}"	"Periode"	"TODO"	"TODO"	""	""	"true"	"http://fixme.com#"	"geldigheidsperiode"	"http://www.w3.org/1999/02/22-rdf-syntax-ns#Property"	"http://fixme.com#Gebouweenheid"	""	""	"1"	"1"
"attribute"	"OSLO-Gebouw"	"geometrie"	"{793412CC-34CC-4122-BCEC-08D746981B31}"	""	"Gebouweenheid"	"{20E05E70-967B-467b-B03F-3B6A86E8ECE1}"	"Geometrie"	"TODO"	"TODO"	""	""	"true"	"http://fixme.com#"	"geometrie"	"http://www.w3.org/2002/07/owl#ObjectProperty"	"http://fixme.com#Gebouweenheid"	"http://data.vlaanderen.be/ns/generiek#Geometrie"	""	"1"	"1"
"attribute"	"OSLO-Perceel"	"Adres"	"{1B72EF97-C855-4e46-9A18-05D59FA9FC38}"	""	"Perceel"	"{0DC30E95-EB88-439b-B28F-A8603B0444FF}"	"Adresvoorstelling"	"TODO"	"TODO"	""	""	"true"	"http://fixme.com#"	"Adres"	"http://www.w3.org/2002/07/owl#ObjectProperty"	"http://fixme.com#Perceel"	"http://www.w3.org/ns/locn#Address"	""	"1"	"1"
"attribute"	"OSLO-Perceel"	"Geldigheidsperiode"	"{EC95305C-2E2F-41e0-9262-3892F1684F3E}"	""	"Perceel"	"{0DC30E95-EB88-439b-B28F-A8603B0444FF}"	"Periode"	"TODO"	"TODO"	""	""	"true"	"http://fixme.com#"	"Geldigheidsperiode"	"http://www.w3.org/1999/02/22-rdf-syntax-ns#Property"	"http://fixme.com#Perceel"	""	""	"1"	"1"
"attribute"	"OSLO-Perceel"	"Geometrie"	"{8CCFABFB-4E11-4ef6-9C6A-147D83FE2B5F}"	""	"Perceel"	"{0DC30E95-EB88-439b-B28F-A8603B0444FF}"	"Geometrie"	"TODO"	"TODO"	""	""	"true"	"http://fixme.com#"	"Geometrie"	"http://www.w3.org/2002/07/owl#ObjectProperty"	"http://fixme.com#Perceel"	"http://data.vlaanderen.be/ns/generiek#Geometrie"	""	"1"	"1"
"attribute"	"OSLO-Adres"	"postcode"	"{B3DFF50E-218D-41f9-A23B-8AC8C85BE67D}"	""	"Postinfo"	"{82CC5188-09FA-4c71-A903-FCFC8E85FDBC}"	"String"	"postcode"	"TODO"	""	""	"false"	"http://data.vlaanderen.be/ns/adres#"	"postcode"	"http://www.w3.org/2002/07/owl#DatatypeProperty"	"http://data.vlaanderen.be/ns/adres#Postinfo"	"http://www.w3.org/2000/01/rdf-schema#Literal"	""	"1"	"1"
"attribute"	"OSLO-Adres"	"postnaam"	"{664184BA-9AD4-468f-901D-752F8FD3142A}"	""	"Postinfo"	"{82CC5188-09FA-4c71-A903-FCFC8E85FDBC}"	"GeografischeNaam"	"postnaam"	"TODO"	""	""	"false"	"http://data.vlaanderen.be/ns/adres#"	"postnaam"	"http://www.w3.org/2002/07/owl#DatatypeProperty"	"http://data.vlaanderen.be/ns/adres#Postinfo"	"http://www.w3.org/1999/02/22-rdf-syntax-ns#langString"	""	"0"	"*"
"attribute"	"OSLO-Gebouw"	"adres"	"{B7CD0B9D-703E-4200-872E-758CA352A3A3}"	""	"Gebouw"	"{B90B2D07-6C56-4749-BE25-EEB47534AB9B}"	"Adresvoorstelling"	"TODO"	"TODO"	""	""	"true"	"http://fixme.com#"	"adres"	"http://www.w3.org/2002/07/owl#ObjectProperty"	"http://fixme.com#Gebouw"	"http://www.w3.org/ns/locn#Address"	""	"1"	"1"
"attribute"	"OSLO-Gebouw"	"bouwjaar"	"{77CBDA09-AD9E-4dac-9839-B0EA56483353}"	""	"Gebouw"	"{B90B2D07-6C56-4749-BE25-EEB47534AB9B}"	""	"TODO"	"TODO"	""	""	"true"	"http://fixme.com#"	"bouwjaar"	"http://www.w3.org/1999/02/22-rdf-syntax-ns#Property"	"http://fixme.com#Gebouw"	""	""	"1"	"1"
"attribute"	"OSLO-Gebouw"	"geldigheidsperiode"	"{AFD401AF-DD0C-407a-B9CC-5DC29A981136}"	""	"Gebouw"	"{B90B2D07-6C56-4749-BE25-EEB47534AB9B}"	"Periode"	"TODO"	"TODO"	""	""	"true"	"http://fixme.com#"	"geldigheidsperiode"	"http://www.w3.org/1999/02/22-rdf-syntax-ns#Property"	"http://fixme.com#Gebouw"	""	""	"1"	"1"
"attribute"	"OSLO-Gebouw"	"geometrie"	"{53D96AEC-82C2-4962-960E-EFABB38940E0}"	""	"Gebouw"	"{B90B2D07-6C56-4749-BE25-EEB47534AB9B}"	"Geometrie"	"TODO"	"TODO"	""	""	"true"	"http://fixme.com#"	"geometrie"	"http://www.w3.org/2002/07/owl#ObjectProperty"	"http://fixme.com#Gebouw"	"http://data.vlaanderen.be/ns/generiek#Geometrie"	""	"1"	"1"
"attribute"	"OSLO-Adres"	"adreslocator"	"{6EB6BA07-F6DF-4248-AC8B-46F3E5444B64}"	""	"Adresuitbreiding"	"{F65B60D1-DC89-44bb-9815-A20794B6336F}"	"Adreslocator"	"locator"	"TODO"	""	""	"false"	"http://data.vlaanderen.be/ns/adres#"	"adreslocator"	"http://www.w3.org/2002/07/owl#ObjectProperty"	"http://data.vlaanderen.be/ns/adres#Adresuitbreiding"	"http://data.vlaanderen.be/ns/adres#Adreslocator"	""	"0"	"*"
"attribute"	"OSLO-Adres"	"volledigAdres"	"{DD38688C-2B05-4803-B51D-81D66F4A2918}"	""	"Adresuitbreiding"	"{F65B60D1-DC89-44bb-9815-A20794B6336F}"	"String"	"volledig adres"	"TODO"	""	""	"false"	"http://data.vlaanderen.be/ns/adres#"	"volledigAdres"	"http://www.w3.org/2002/07/owl#DatatypeProperty"	"http://data.vlaanderen.be/ns/adres#Adresuitbreiding"	"http://www.w3.org/2000/01/rdf-schema#Literal"	""	"0"	"*"
"attribute"	"OSLO-Adres"	"homoniemToevoeging"	"{F27B5740-BDCD-42c9-8E1A-940267CAEB49}"	""	"Straatnaam"	"{B1791B54-CE53-4918-BF37-488BF8E935DB}"	"String"	"homoniem toevoeging"	"TODO"	""	""	"false"	"http://data.vlaanderen.be/ns/adres#"	"homoniemToevoeging"	"http://www.w3.org/2002/07/owl#DatatypeProperty"	"http://data.vlaanderen.be/ns/adres#Straatnaam"	"http://www.w3.org/2000/01/rdf-schema#Literal"	""	"0"	"1"
"attribute"	"OSLO-Adres"	"status"	"{35AC23C0-2F60-4745-A229-85BAA646AFEA}"	""	"Straatnaam"	"{B1791B54-CE53-4918-BF37-488BF8E935DB}"	"Statuswaarde"	"status"	"TODO"	"Zie http://inspire.ec.europa.eu/codelist/StatusValue"	""	"false"	"http://data.vlaanderen.be/ns/adres#"	"Straatnaam.status"	"http://www.w3.org/2002/07/owl#ObjectProperty"	"http://data.vlaanderen.be/ns/adres#Straatnaam"	"http://www.w3.org/2004/02/skos/core#Concept"	""	"1"	"1"
"attribute"	"OSLO-Adres"	"straatnaam"	"{16AE83FD-40EF-46a7-88B6-D3E839EAB8F5}"	""	"Straatnaam"	"{B1791B54-CE53-4918-BF37-488BF8E935DB}"	"GeografischeNaam"	"TODO"	"TODO"	""	""	"true"	"https://www.w3.org/2000/01/rdf-schema#"	"label"	"http://www.w3.org/2002/07/owl#DatatypeProperty"	"http://data.vlaanderen.be/ns/adres#Straatnaam"	"http://www.w3.org/1999/02/22-rdf-syntax-ns#langString"	""	"1"	"*"
"attribute"	"OSLO-Adres"	"busnummer"	"{CC38B134-8371-44ad-8774-8C7CFE563863}"	""	"Adres"	"{8F99766F-3674-46d6-9FE3-05FC60253B4E}"	"String"	"busnummer"	"TODO"	""	""	"false"	"http://data.vlaanderen.be/ns/adres#"	"busnummer"	"http://www.w3.org/2002/07/owl#DatatypeProperty"	"http://data.vlaanderen.be/ns/adres#Adres"	"http://www.w3.org/2000/01/rdf-schema#Literal"	""	"0"	"1"
"attribute"	"OSLO-Adres"	"huisnummer"	"{B1498D76-5732-4d66-A6CF-DEC12452B851}"	""	"Adres"	"{8F99766F-3674-46d6-9FE3-05FC60253B4E}"	"String"	"huisnummer"	"TODO"	""	""	"false"	"http://data.vlaanderen.be/ns/adres#"	"huisnummer"	"http://www.w3.org/2002/07/owl#DatatypeProperty"	"http://data.vlaanderen.be/ns/adres#Adres"	"http://www.w3.org/2000/01/rdf-schema#Literal"	""	"1"	"1"
"attribute"	"OSLO-Adres"	"officieelToegekend"	"{0A759057-0D27-4cc5-9B45-DC22E303D71B}"	""	"Adres"	"{8F99766F-3674-46d6-9FE3-05FC60253B4E}"	"Boolean"	"niet officieel"	"TODO"	""	""	"false"	"http://data.vlaanderen.be/ns/adres#"	"officieelToegekend"	"http://www.w3.org/2002/07/owl#DatatypeProperty"	"http://data.vlaanderen.be/ns/adres#Adres"	"http://www.w3.org/2001/XMLSchema#boolean"	""	"1"	"1"
"attribute"	"OSLO-Adres"	"positie"	"{2F85E0A3-F4CE-4cde-9804-3278E2A35E2E}"	""	"Adres"	"{8F99766F-3674-46d6-9FE3-05FC60253B4E}"	"GeografischePositie"	"positie"	"TODO"	""	""	"false"	"http://data.vlaanderen.be/ns/adres#"	"positie"	"http://www.w3.org/2002/07/owl#ObjectProperty"	"http://data.vlaanderen.be/ns/adres#Adres"	"http://www.w3.org/ns/locn#Geometry"	"http://www.w3.org/ns/locn#geometry"	"1"	"1"
"attribute"	"OSLO-Adres"	"status"	"{42D0ACAB-A2AB-4be8-BDF8-7F613247A7B1}"	""	"Adres"	"{8F99766F-3674-46d6-9FE3-05FC60253B4E}"	"Statuswaarde"	"status"	"TODO"	"Zie http://inspire.ec.europa.eu/codelist/StatusValue."	""	"false"	"http://data.vlaanderen.be/ns/adres#"	"Adres.status"	"http://www.w3.org/2002/07/owl#ObjectProperty"	"http://data.vlaanderen.be/ns/adres#Adres"	"http://www.w3.org/2004/02/skos/core#Concept"	""	"1"	"1"
