"EA-Type"	"EA-Package"	"EA-Name"	"EA-GUID"	"EA-Parent"	"EA-Domain"	"EA-Domain-GUID"	"EA-Range"	"ap-label-nl"	"ap-definition-nl"	"ap-usageNote-nl"	"ap-codelist"	"external term"	"namespace"	"localname"	"type"	"domain"	"range"	"parent"	"min card"	"max card"
"Package"	""	"OSLO-Dienst"	"{0CFAB199-00F5-4902-A6A2-695FF6A08967}"	""	""	""	""	""	""	""	""	""	"http://data.vlaanderen.be/ns/"	"dienst"	"http://www.w3.org/2002/07/owl#Ontology"	""	""	""	""	""
"CLASS"	"OSLO-Dienst"	"Agent"	"{6A2FB1BE-6DB5-400b-AE1D-20DD8D110C40}"	""	""	""	""	"Agent (in de rol van dienstverlener/participant)"	"Iemand die of iets dat kan handelen of een effect kan teweeg brengen."	" "	""	"true"	"http://purl.org/dc/terms/"	"Agent"	"http://www.w3.org/2000/01/rdf-schema#Class"	""	""	""	""	""
"DATATYPE"	"OSLO-Dienst"	"OpeningsurenSpecificatie"	"{EB4EADE8-E57E-4c65-9302-DF56831BD1D7}"	""	""	""	""	"Openingsurenspecificatie"	"Informatie over de openingsuren ve plaats of dienst."	" "	""	"true"	"http://schema.org/"	"OpeningHoursSpecification"	"http://www.w3.org/2000/01/rdf-schema#Class"	""	""	""	""	""
"ENUMERATION"	"OSLO-Generiek"	"ATU"	"{BF1E2D7A-43CC-4c8f-A380-2A46E2E53EBD}"	""	""	""	""	""	"TODO"	""	"ttp://publications.europa.eu/mdr/authority/atu/index.html"	"true"	"http://www.w3.org/2004/02/skos/core#"	"Concept"	"http://www.w3.org/2000/01/rdf-schema#Class"	""	""	""	""	""
"ENUMERATION"	"OSLO-Generiek"	"NAL_language"	"{93633F2E-E650-4e75-B6A9-102793DF4244}"	""	""	""	""	""	"TODO"	""	"http://publications.europa.eu/mdr/authority/language/"	"true"	"http://www.w3.org/2004/02/skos/core#"	"Concept"	"http://www.w3.org/2000/01/rdf-schema#Class"	""	""	""	""	""
"ENUMERATION"	"OSLO-Generiek"	"NAL_currency"	"{2FCC1211-E3F5-4953-9243-233B9A764ABD}"	""	""	""	""	""	"TODO"	""	"http://publications.europa.eu/mdr/authority/currency/"	"true"	"http://www.w3.org/2004/02/skos/core#"	"Concept"	"http://www.w3.org/2000/01/rdf-schema#Class"	""	""	""	""	""
"ENUMERATION"	"OSLO-Dienst"	"ParticipatieRol"	"{49B1B7CC-70E0-4bd1-B3A2-AC8502910421}"	""	""	""	""	""	"Rol die een participant speelt."	" "	""	"true"	"http://www.w3.org/2004/02/skos/core#"	"Concept"	"http://www.w3.org/2000/01/rdf-schema#Class"	""	""	""	""	""
"ENUMERATION"	"OSLO-Dienst"	"KanaalType"	"{11F7908E-F69B-4d1e-81DF-CF824A4CB911}"	""	""	""	""	""	"TODO"	"TODO"	"http://joinup.ec.europa.eu/asset/cpsv-ap/Distribution/CPSV-AP_Specification_v2.0/PDF"	"true"	"http://www.w3.org/2004/02/skos/core#"	"Concept"	"http://www.w3.org/2000/01/rdf-schema#Class"	""	""	""	""	""
"ENUMERATION"	"OSLO-Dienst"	"GebeurtenisType"	"{94C5EC1C-C21F-4cfd-B185-D6FA8C738793}"	""	""	""	""	""	"TODO"	"TODO"	"http://joinup.ec.europa.eu/asset/cpsv-ap/Distribution/CPSV-AP_Specification_v2.0/PDF"	"true"	"http://www.w3.org/2004/02/skos/core#"	"Concept"	"http://www.w3.org/2000/01/rdf-schema#Class"	""	""	""	""	""
"ENUMERATION"	"OSLO-Dienst"	"CriteriumVereisteType"	"{427CD9FF-DA42-4717-BBF6-50B3B0C135F7}"	""	""	""	""	""	"Aard ve criteriumvereiste."	" "	""	"true"	"http://www.w3.org/2004/02/skos/core#"	"Concept"	"http://www.w3.org/2000/01/rdf-schema#Class"	""	""	""	""	""
"ENUMERATION"	"OSLO-Dienst"	"OutputType"	"{432A6CCC-6E0D-41d7-8DC0-F87A1F834EF4}"	""	""	""	""	""	"TODO"	"TODO"	"http://joinup.ec.europa.eu/asset/cpsv-ap/Distribution/CPSV-AP_Specification_v2.0/PDF"	"true"	"http://www.w3.org/2004/02/skos/core#"	"Concept"	"http://www.w3.org/2000/01/rdf-schema#Class"	""	""	""	""	""
"ENUMERATION"	"OSLO-Dienst"	"BewijsType"	"{34608792-D13E-47b8-B1DB-6D40821368A7}"	""	""	""	""	""	"Aard ve bewijs."	" "	""	"true"	"http://www.w3.org/2004/02/skos/core#"	"Concept"	"http://www.w3.org/2000/01/rdf-schema#Class"	""	""	""	""	""
"ENUMERATION"	"OSLO-Dienst"	"ADMSStatusVocabularium"	"{A7B13A6B-DA1E-4a0b-8F96-31116CF94AF5}"	""	""	""	""	""	"TODO"	"TODO"	" http://purl.org/adms/status/"	"true"	"http://www.w3.org/2004/02/skos/core#"	"Concept"	"http://www.w3.org/2000/01/rdf-schema#Class"	""	""	""	""	""
"ENUMERATION"	"OSLO-Dienst"	"NACE"	"{6E471580-9DE8-41e9-9914-5278853FB3F3}"	""	""	""	""	""	"TODO"	"TODO"	"http://ec.europa.eu/competition/mergers/cases/index/nace_all.html"	"true"	"http://www.w3.org/2004/02/skos/core#"	"Concept"	"http://www.w3.org/2000/01/rdf-schema#Class"	""	""	""	""	""
"ENUMERATION"	"OSLO-Dienst"	"COFOG"	"{3B7CDBF3-F808-44e1-BAD7-A32CCBE758FA}"	""	""	""	""	""	"TODO"	"TODO"	"https://unstats.un.org/unsd/cr/registry/regcst.asp?Cl=4"	"true"	"http://www.w3.org/2004/02/skos/core#"	"Concept"	"http://www.w3.org/2000/01/rdf-schema#Class"	""	""	""	""	""
"CLASS"	"OSLO-Generiek"	"FormeelKader"	"{64272970-1A4C-43c0-BAB2-1166BCD17A47}"	""	""	""	""	"Formeel Kader"	"Geheel van formele documenten dat regels, rechten, plichten ten aanzien van burgers, overheden, bedrijven etc beschrijft. "	"De documenten waarvan sprake zijn wetten, beleidsdocumenten, regulaties, contracten ed."	""	"true"	"http://purl.org/vocab/cpsv#"	"FormalFramework"	"http://www.w3.org/2000/01/rdf-schema#Class"	""	""	"http://data.europa.eu/m8g/Output"	""	""
"DATATYPE"	"OSLO-Generiek"	"ContactInfo"	"{E57F62A2-6B79-40bf-BC3D-675BE17B8FE2}"	""	""	""	""	"Contactinfo"	"Informatie zoals email, telefoon, adres die toelaat om iemand of iets te contacteren."	"Bvb een persoon of organisatie of dienstverlening Mogelijke vormen van contact: bellen, mailen etc."	""	"true"	"http://schema.org/"	"ContactPoint"	"http://www.w3.org/2000/01/rdf-schema#Class"	""	""	""	""	""
"CLASS"	"OSLO-Organisatie"	"Organisatie"	"{D7B5719D-98EF-4b8c-BBD5-F10ACB925CA8}"	"Agent"	""	""	""	"Organisatie"	"Een aantal mensen georganiseerd in een gemeenschap of andere sociale, commerciële of politieke structuur. De groep heeft een gemeenschappelijk doel of bestaanreden die de individuele leden ervan overstijgt en kan handelen als Agent. Een organisatie heeft dikwijls een hiërarchische structuur."	" "	""	"true"	"https://www.w3.org/ns/org#"	"Organization"	"http://www.w3.org/2000/01/rdf-schema#Class"	""	""	"http://purl.org/dc/terms/Agent, http://data.europa.eu/m8g/Output"	""	""
"CLASS"	"OSLO-Organisatie"	"PubliekeOrganisatie"	"{C9441F48-A6BF-4496-88E0-0B425E5E15E7}"	"Organisatie"	""	""	""	"Publieke Organisatie"	"Een Organisatie die volgens een wettelijk kader behoort tot de publieke sector,ongeacht het bestuursniveau waarop dat kader van kracht is."	"De overheids- en semioverheidsorganisaties die tot men zo tot de publieke sector kan rekenen worden in Europese richtlijn 2003/98/EG ""openbaar lichaam"" genoemd en gedefinieerd als: ""de staat, zijn territoriale lichamen, publiekrechtelijke instellingen, en verenigingen gevormd door een of meer van deze lichamen of een of meer van deze publiekrechtelijke instellingen"". En onder een publiekrechtelijke instelling verstaat men "" iedere instelling die a) is opgericht met het specifieke doel te voorzien in behoeften van algemeen belang die niet van industriële of commerciële aard zijn, en b) rechtspersoonlijkheid heeft, en c) waarvan hetzij de activiteiten in hoofdzaak door de staat of zijn territoriale lichamen of andere publiekrechtelijke instellingen worden gefinancierd, hetzij het beheer is onderworpen aan toezicht door deze laatste, hetzij de leden van het bestuursorgaan, het leidinggevend orgaan of het toezichthoudend orgaan voor meer dan de helft door de staat, zijn territoriale lichamen of andere publiekrechtelijke instellingen zijn aangewezen."".
"	""	"true"	"http://data.europa.eu/m8g/"	"PublicOrganisation"	"http://www.w3.org/2000/01/rdf-schema#Class"	""	""	"https://www.w3.org/ns/org#Organization"	""	""
"CLASS"	"OSLO-Generiek"	"Agent"	"{B975D792-A960-45de-B6A4-451F6694BB93}"	""	""	""	""	"Agent"	"Iemand die of iets dat kan handelen of een effect kan teweeg brengen."	" "	""	"true"	"http://purl.org/dc/terms/"	"Agent"	"http://www.w3.org/2000/01/rdf-schema#Class"	""	""	""	""	""
"DATATYPE"	"OSLO-Dienst"	"Kost"	"{84A3ACF9-DA14-478c-9C77-E188C1CACA45}"	""	""	""	""	"Kost"	"Deel vd kost verbonden aan de uitvoering van de dienstverlening te betalen door de gebruiker."	" "	""	"true"	"http://data.europa.eu/m8g/"	"Cost"	"http://www.w3.org/2000/01/rdf-schema#Class"	""	""	""	""	""
"CLASS"	"OSLO-Dienst"	"Kanaal"	"{A103ECB9-B7B0-4f59-B13D-3CB15E2F799D}"	""	""	""	""	"Kanaal"	"Kanaal waarlangs een agent kan interageren met een publieke dienstverlening."	"Typische voorbeelden: online, telefoon, kantoor"	""	"true"	"http://data.europa.eu/m8g/"	"Channel"	"http://www.w3.org/2000/01/rdf-schema#Class"	""	""	""	""	""
"CLASS"	"OSLO-Dienst"	"Participatie"	"{A1594E71-F730-4f8b-B729-39900070D162}"	""	""	""	""	"Participatie"	"Deelname aan een publieke dienstverlening door een agent."	"Aanvullend op de standaard associatie van een publieke dienstverlening met de uitvoerder of de bevoegde instantie van een publieke dienstverlening biedt participatie de mogelijkheid om deze of andere relaties gedetailleerder te beschrijven. Bv start- en einddatum van een contract, meerdere rollen voor eenzelfde participatie (bv de dienstverlener is tegelijk ook de bevoegde instantie)."	""	"true"	"http://data.europa.eu/m8g/"	"Participation"	"http://www.w3.org/2000/01/rdf-schema#Class"	""	""	""	""	""
"CLASS"	"OSLO-Dienst"	"Richtlijn"	"{B13A0E44-31D4-42cd-BBB4-2D0A8BD6DEA1}"	""	""	""	""	"Richtlijn"	"Vertegenwoordigt de regels,richtlijnen of procedures gevolgd door de publieke dienstverlening."	"Omvat gebruiksvoorwaarden,licentie- en authenticatievereisten van de publieke dienstverlening."	""	"true"	"http://purl.org/vocab/cpsv#"	"Rule"	"http://www.w3.org/2000/01/rdf-schema#Class"	""	""	""	""	""
"CLASS"	"OSLO-Dienst"	"Bewijs"	"{68B96E0D-7EF0-45d7-9212-E1DA92F53969}"	""	""	""	""	"Bewijs"	"Elk stuk waarmee kan worden aangetoond dat men aan een CriteriumVereiste voldoet."	"In het kader van publieke dienstverlening gaat het meestal om administratieve documenten of ingevulde aanvraagformulieren. Zonder het nodige Bewijs kan de dienstverlening niet worden afgeleverd. Soms levert de Output van een Publieke Dienstverlening het Bewijs nodig voor een andere Publieke Dienstverlening."	""	"true"	"http://data.europa.eu/m8g/"	"Evidence"	"http://www.w3.org/2000/01/rdf-schema#Class"	""	""	""	""	""
"CLASS"	"OSLO-Dienst"	"Output"	"{912C21DD-DC46-4b48-A58A-66439AF4CE3B}"	""	""	""	""	"Output"	"Resultaat van een publieke dienstverlening."	"Bv toelating verstrekt door of in naam van de bevoegde instantie (publieke organisatie) dat een agent  toelaat om iets bepaald te ondernemen. Eventueel vormt deze output het noodzakelijk bewijs, voor te leggen om gebruik te kunnen maken van een andere dienstverlening. Dit kan verder gedocumenteerd worden in derRichtlijn geassocieerd met de publieke dienstverlening."	""	"true"	"http://data.europa.eu/m8g/"	"Output"	"http://www.w3.org/2000/01/rdf-schema#Class"	""	""	"http://data.europa.eu/m8g/Output"	""	""
"CLASS"	"OSLO-Dienst"	"CriteriumVereiste"	"{783349D4-BE1F-492a-8F28-8BFA7BA2491D}"	""	""	""	""	"Criteriumvereiste"	"Criterium dat toelaat te bepalen of een gebruiker recht heeft op een dienstverlening of deze mag gebruiken."	"Niet elke publieke dienstverlening is voor iedereen noodzakelijk of nuttig. Bv werkloosheidsuitkeringen zijn enkel noodzakelijk voor werklozen."	""	"true"	"http://data.europa.eu/m8g/"	"CriterionRequirement"	"http://www.w3.org/2000/01/rdf-schema#Class"	""	""	""	""	""
"CLASS"	"OSLO-Dienst"	"BedrijfsGebeurtenis"	"{45256ACC-BF39-4998-AF5A-887E20250E07}"	"Gebeurtenis"	""	""	""	"Bedrijfsgebeurtenis"	"Situatie of gebeurtenis die een specifieke behoefte of (wettelijke) vereiste vh bedrijf op een bepaald moment in zijn levenscyclus weergeeft welke vervuld kan worden door het consumeren ve bepaalde publieke dienstverlening."	" "	""	"true"	"http://data.europa.eu/m8g/"	"BusinessEvent"	"http://www.w3.org/2000/01/rdf-schema#Class"	""	""	"http://data.europa.eu/m8g/Event"	""	""
"CLASS"	"OSLO-Dienst"	"LevensGebeurtenis"	"{7AE7E963-2E9B-4427-96C2-BBCDD0AC4166}"	"Gebeurtenis"	""	""	""	"Levensgebeurtenis"	"Belangrijke gebeurtenis of situatie in het leven van een persoon waarvoor hij/zij een publieke dienstverlening nodig heeft."	"Enkel gebeurtenissen die geassocieerd kunnen worden met een publieke dienstverlening worden hier bedoeld. Bv niet de verloving van twee personen met elkaar maar wel het feit dat ze huwen."	""	"true"	"http://data.europa.eu/m8g/"	"LifeEvent"	"http://www.w3.org/2000/01/rdf-schema#Class"	""	""	"http://data.europa.eu/m8g/Event"	""	""
"CLASS"	"OSLO-Dienst"	"Gebeurtenis"	"{F381B83A-C2B9-41cc-8243-A278D71C2CAB}"	""	""	""	""	"Gebeurtenis"	"Gebeurtenis die leidt tot, gebruik maakt van of gerelateerd is met een publieke dienstverlening."	"Wordt gebruikt om een specifieke publieke dienstverlening op te zoeken in een dienstencataloog (bv erkenning van percentage invaliditeit na het stellen ve bepaalde diagnose) of een groep van publieke dienstverleningen (bv alle diensverlening die betrekking heeft op het starten van een eigen zaak)."	""	"true"	"http://data.europa.eu/m8g/"	"Event"	"http://www.w3.org/2000/01/rdf-schema#Class"	""	""	""	""	""
"CLASS"	"OSLO-Dienst"	"PubliekeDienstverlening"	"{0421F767-895F-4788-97E6-CDC0F4B4F698}"	""	""	""	""	"Publieke Dienstverlening"	"Een publieke dienstverlening is een geheel van verplichte of optioneel uitgevoerde of uitvoerbare acties door of in naam van een publieke organisatie. De dienstverlening is ten bate van een individu, een bedrijf, een andere publieke organisatie of groepen hiervan."	"De dienstverlening vormt een aanbod (dat dus niet noodzakelijk wordt gebruikt). Ze houdt niet noodzakelijk het opnemen van een recht in,de dienstverlening kan de gebruiker ook toelaten een verplichting te vervullen."	""	"true"	"http://purl.org/vocab/cpsv#"	"PublicService"	"http://www.w3.org/2000/01/rdf-schema#Class"	""	""	"http://data.europa.eu/m8g/Output"	""	""
"connector"	""	"teConsumerenVia"	"{8D1A517B-5887-42b8-A6BF-D7F842EB04FA}"	""	"PubliekeDienstverlening"	"{0421F767-895F-4788-97E6-CDC0F4B4F698}"	"Kanaal"	"te consumeren via"	"Kanaal waarlangs een agent interageert met een publieke dienstverlening."	"Bv kantoor, telefoon, website"	""	"true"	"http://data.europa.eu/m8g/"	"hasChannel"	"http://www.w3.org/2002/07/owl#ObjectProperty"	"http://purl.org/vocab/cpsv#PublicService"	"http://data.europa.eu/m8g/Channel"	""	"0"	"*"
"connector"	""	"aangebodenBinnen"	"{91B7DB21-1E75-4f23-88A1-2EC7E147CBE6}"	""	"PubliekeDienstverlening"	"{0421F767-895F-4788-97E6-CDC0F4B4F698}"	"FormeelKader"	"aangeboden binnen"	"Het formeel kader (bv de wetgeving) waar de publieke dienstverlening betrekking op heeft of waarbinnen ze werkt of waaraan ze haar wettelijke basis ontleent."	" "	""	"true"	"http://data.europa.eu/m8g/"	"hasFormalFramework"	"http://www.w3.org/2002/07/owl#ObjectProperty"	"http://purl.org/vocab/cpsv#PublicService"	"http://purl.org/vocab/cpsv#FormalFramework"	""	"0"	"*"
"connector"	""	"volgt"	"{483B26AC-909F-4071-B514-0D7D4D5F1543}"	""	"PubliekeDienstverlening"	"{0421F767-895F-4788-97E6-CDC0F4B4F698}"	"Richtlijn"	"volgt"	"De richtlijn die de werking van de publieke dienstverlening stuurt."	"Typisch implementeert een richtlijn het beleid van een publieke organisatie."	""	"true"	"http://purl.org/vocab/cpsv#"	"follows"	"http://www.w3.org/2002/07/owl#ObjectProperty"	"http://purl.org/vocab/cpsv#PublicService"	"http://purl.org/vocab/cpsv#Rule"	""	"0"	"*"
"connector"	""	"isGedefinieerdDoor"	"{ABEF7247-09F5-4da9-AFFF-5BDA58264D3E}"	""	"Kost"	"{84A3ACF9-DA14-478c-9C77-E188C1CACA45}"	"PubliekeOrganisatie"	"is gedefinieerd door"	"Publieke organisatie die bevoegd is voor het bepalen van de kost."	" "	""	"true"	"http://data.europa.eu/m8g/"	"isDefinedBy"	"http://www.w3.org/2002/07/owl#ObjectProperty"	"http://data.europa.eu/m8g/Cost"	"http://data.europa.eu/m8g/PublicOrganisation"	""	"0"	"*"
"connector"	""	"isBezitVan"	"{0A91D5B3-6B6F-46c3-82D4-D70E016F4D2E}"	""	"Kanaal"	"{A103ECB9-B7B0-4f59-B13D-3CB15E2F799D}"	"Agent"	"is bezit van"	"Eigenaar vh kanaal waarlangs de dienstverlening wordt aangeboden."	" "	""	"true"	"http://data.europa.eu/m8g/"	"ownedBy"	"http://www.w3.org/2002/07/owl#ObjectProperty"	"http://data.europa.eu/m8g/Channel"	"http://purl.org/dc/terms/Agent"	""	"0"	"*"
"connector"	""	"isGerelateerdAan"	"{B9CB1248-AA5F-4f32-B0F3-9177430375E8}"	""	"FormeelKader"	"{64272970-1A4C-43c0-BAB2-1166BCD17A47}"	"FormeelKader"	"is gerelateerd aan"	"TODO"	" "	""	"true"	"http://purl.org/dc/terms/"	"relation"	"http://www.w3.org/2002/07/owl#ObjectProperty"	"http://purl.org/vocab/cpsv#FormalFramework"	"http://purl.org/vocab/cpsv#FormalFramework"	""	"0"	"*"
"connector"	""	"indienBenaderdVia"	"{E5BB7E8B-DA9D-4e2b-83C4-B5142B5D97F2}"	""	"Kost"	"{84A3ACF9-DA14-478c-9C77-E188C1CACA45}"	"Kanaal"	"indien benaderd via"	"Associeert de kost met het kanaal waarlangs de publieke dienstverlening wordt geconsumeerd."	"De kost kan bv verschillen al naargelang de publieke dienstverlening online of ter plaatse wordt aangesproken."	""	"true"	"http://data.europa.eu/m8g/"	"ifAccessedThrough"	"http://www.w3.org/2002/07/owl#ObjectProperty"	"http://data.europa.eu/m8g/Cost"	"http://data.europa.eu/m8g/Channel"	""	"0"	"1"
"connector"	""	"isGerelateerdMet"	"{1F25A964-1A45-4a39-B8BC-68E91A39D222}"	""	"PubliekeDienstverlening"	"{0421F767-895F-4788-97E6-CDC0F4B4F698}"	"PubliekeDienstverlening"	"is gerelateerd met"	"Andere publieke dienstverlening waarmee de publieke dienstverlening gerelateerd is."	" "	""	"true"	"http://purl.org/dc/terms/"	"relation"	"http://www.w3.org/2002/07/owl#ObjectProperty"	"http://purl.org/vocab/cpsv#PublicService"	"http://purl.org/vocab/cpsv#PublicService"	""	"0"	"*"
"connector"	""	"vereist"	"{C147F8F1-CDA6-44ac-8645-544678AEA418}"	""	"PubliekeDienstverlening"	"{0421F767-895F-4788-97E6-CDC0F4B4F698}"	"PubliekeDienstverlening"	"vereist"	"Publieke dienstverlening die voorafgaandelijk moet worden uitgevoerd om van de publieke dienstverlening gebruik te kunnen maken."	"De Dienstverlening gebruikt soms de output van een andere dienstverlening die dan bv het vereiste bewijsstuk levert. Meer uitleg volgt uit de beschrijving van deze bewijsstukken of in de richtlijn die met de dienstverlening geassocieerd is."	""	"true"	"http://purl.org/dc/terms/"	"requires"	"http://www.w3.org/2002/07/owl#ObjectProperty"	"http://purl.org/vocab/cpsv#PublicService"	"http://purl.org/vocab/cpsv#PublicService"	""	"0"	"*"
"connector"	""	"wordtUitgevoerdDoor"	"{CF10E70E-685E-4182-8AB6-C5A3D64E922B}"	""	"PubliekeDienstverlening"	"{0421F767-895F-4788-97E6-CDC0F4B4F698}"	"Agent"	"wordt uitgevoerd door"	"Agent die de publieke dienstverlening verstrekt."	"Staat los van de rol die de bevoegde instantie speelt, kan een externe aannemer zijn."	""	"true"	"http://data.europa.eu/m8g/"	"serviceProvider"	"http://www.w3.org/2002/07/owl#ObjectProperty"	"http://purl.org/vocab/cpsv#PublicService"	"http://purl.org/dc/terms/Agent"	""	"0"	"*"
"connector"	""	"isGegroepeerdVolgens"	"{94936B1E-4747-4092-9121-12F226F0642C}"	""	"PubliekeDienstverlening"	"{0421F767-895F-4788-97E6-CDC0F4B4F698}"	"Gebeurtenis"	"is gegroepeerd volgens"	"Gebeurtenis waarop de publieke dienstverlening betrekking heeft."	"Laat toe om in de dienstencataloog de publieke dienstverlening te klasseren volgens het type gebeurtenis waarvoor ze een oplossing biedt bv op het portaal waarop de cataloog geraadpleegd wordt."	""	"true"	"http://data.europa.eu/m8g/"	"isGroupedBy"	"http://www.w3.org/2002/07/owl#ObjectProperty"	"http://purl.org/vocab/cpsv#PublicService"	"http://data.europa.eu/m8g/Event"	""	"0"	"*"
"connector"	""	"produceert"	"{F0DC25B4-71EC-4102-AE69-775AC1574A8B}"	""	"PubliekeDienstverlening"	"{0421F767-895F-4788-97E6-CDC0F4B4F698}"	"Output"	"produceert"	"Het werkelijke resultaat van de uitvoering vd publieke dienstverlening."	"Bvb een erkenning, financieel voordeel, code, fysiek object"	""	"true"	"http://purl.org/vocab/cpsv#"	"produces"	"http://www.w3.org/2002/07/owl#ObjectProperty"	"http://purl.org/vocab/cpsv#PublicService"	"http://data.europa.eu/m8g/Output"	""	"0"	"*"
"connector"	""	"vereistAlsInput"	"{4FF9E947-8185-4140-85A0-50E668DBD146}"	""	"PubliekeDienstverlening"	"{0421F767-895F-4788-97E6-CDC0F4B4F698}"	"Bewijs"	"vereist als input"	"Bewijsstuk dat moeten voorgelegd worden om de publieke dienstverlening te kunnen gebruiken."	"Als de bewijsstukken afhangen het kanaal waarmee met de publieke dienstverlening wordt geïnterageerd gebruiken we de associatie Kanaal-vereistAlsInput-Bewijs."	""	"true"	"http://purl.org/vocab/cpsv#"	"hasInput"	"http://www.w3.org/2002/07/owl#ObjectProperty"	"http://purl.org/vocab/cpsv#PublicService"	"http://data.europa.eu/m8g/Evidence"	""	"0"	"*"
"connector"	""	"isGerelateerdMet"	"{8397D7EA-9A51-43b3-98E3-53F85450E563}"	""	"Gebeurtenis"	"{F381B83A-C2B9-41cc-8243-A278D71C2CAB}"	"PubliekeDienstverlening"	"is gerelateerd met"	"Publieke dienstverlening waarmee de Gebeurtenis kan worden gekoppeld."	" "	""	"true"	"http://purl.org/dc/terms/"	"relation"	"http://www.w3.org/2002/07/owl#ObjectProperty"	"http://data.europa.eu/m8g/Event"	"http://purl.org/vocab/cpsv#PublicService"	""	"0"	"*"
"connector"	""	"heeftCriterium"	"{58F668D7-4AD9-4f81-9156-77802623EDFF}"	""	"PubliekeDienstverlening"	"{0421F767-895F-4788-97E6-CDC0F4B4F698}"	"CriteriumVereiste"	"heeft criterium"	"Criterium waaraan de gebruiker moet voldoen om recht te hebben op een dienstverlening of om een dienstverlening te mogen gebruiken."	"Bvb inwoner van de gemeente, meer dan 18 jaar etc."	""	"true"	"http://data.europa.eu/m8g/"	"hasCriterion"	"http://www.w3.org/2002/07/owl#ObjectProperty"	"http://purl.org/vocab/cpsv#PublicService"	"http://data.europa.eu/m8g/CriterionRequirement"	""	"0"	"*"
"connector"	""	"heeftVerantwoordelijke"	"{AAF3929C-8C3A-4b98-AA29-E9C73BD10018}"	""	"PubliekeDienstverlening"	"{0421F767-895F-4788-97E6-CDC0F4B4F698}"	"PubliekeOrganisatie"	"heeft verantwoordelijke"	"Publieke organisatie die verantwoordelijk is voor het aanbieden en beheren van de publieke dienstverlening."	"Of de publieke organisatie zelf de dienstverlening aanbiedt of deze uitbesteedt is irrelevant. De publieke organisatie verantwoordelijk voor het aanbieden en beheren van de dienstverlening wordt ook wel de bevoegde Instantie genoemd en wordt in Europese Richtlijn 2006/123/EC gedefinieerd als volgt: ""elk orgaan of autoriteit dat in een lidstaat en toezichthoudende of regelgevende rol vervult ten aanzien van dienstenactiviteiten, met name bestuurlijke instanties, met inbegrip van rechterlijke instanties die als zodanig optreden, beroepsorden en de beroepsverenigingen en -organisaties of andere beroepsorganisaties die in de uitoefening van hun juridisch autonome bevoegdheden de toegang tot of de uitoefening van dienstenactiviteiten collectief reguleren""."	""	"true"	"http://data.europa.eu/m8g/"	"hasCompetentAuthority"	"http://www.w3.org/2002/07/owl#ObjectProperty"	"http://purl.org/vocab/cpsv#PublicService"	"http://data.europa.eu/m8g/PublicOrganisation"	""	"1"	"1"
"connector"	""	"heeftParticiperende"	"{9B0D933B-927B-4832-8211-A0FDFE7152FA}"	""	"PubliekeDienstverlening"	"{0421F767-895F-4788-97E6-CDC0F4B4F698}"	"Participatie"	"heeft participatie"	"Participatie (van een agent) aan de publieke dienstverlening."	"De manier waarop de agent participeert wordt beschreven door de entiteit Participatie. Laat oa toe om de bestaande associaties PubliekeDienstverlening-wordtUitgevoerdDoor-Agent en PubliekeDienstverlening-heeftVerantwoordelijke-PubliekeOrganisatie meer in detail te beschrijven."	""	"true"	"http://data.europa.eu/m8g/"	"hasParticipation"	"http://www.w3.org/2002/07/owl#ObjectProperty"	"http://purl.org/vocab/cpsv#PublicService"	"http://data.europa.eu/m8g/Participation"	""	""	""
"connector"	""	"heeftParticiperende"	"{9B0D933B-927B-4832-8211-A0FDFE7152FA}"	""	"Agent"	"{6A2FB1BE-6DB5-400b-AE1D-20DD8D110C40}"	"Participatie"	"speelt rol"	"Participatie van de agent (aan een publieke dienstverlening)."	"De manier waarop de agent participeert wordt beschreven door de entiteit Participatie. Laat oa toe om de bestaande associaties PubliekeDienstverlening-wordtUitgevoerdDoor-Agent en PubliekeDienstverlening-heeftVerantwoordelijke-PubliekeOrganisatie meer in detail te beschrijven."	""	"true"	"http://data.europa.eu/m8g/"	"playsRole"	"http://www.w3.org/2002/07/owl#ObjectProperty"	"http://purl.org/dc/terms/Agent"	"http://data.europa.eu/m8g/Participation"	""	""	""
"connector"	""	"vereistAlsInput"	"{E870DA6C-8C3A-472d-8BC0-4D58F1CE643D}"	""	"Kanaal"	"{A103ECB9-B7B0-4f59-B13D-3CB15E2F799D}"	"Bewijs"	"vereist als input"	"Bewijsstuk dat moeten voorgelegd worden om de publieke dienstverlening te kunnen gebruiken."	"Indien de bewijsstukken afhangen het kanaal waarmee met de publieke dienstverlening wordt geïnterageerd."	""	"true"	"http://purl.org/vocab/cpsv#"	"hasInput"	"http://www.w3.org/2002/07/owl#ObjectProperty"	"http://data.europa.eu/m8g/Channel"	"http://data.europa.eu/m8g/Evidence"	""	"0"	"*"
"connector"	""	"implementeert"	"{903C377B-1318-4778-A368-E0F2610C467B}"	""	"Richtlijn"	"{B13A0E44-31D4-42cd-BBB4-2D0A8BD6DEA1}"	"FormeelKader"	"implementeert"	"Relevante wetgeving of beleid waarbinnen de richtlijn is gedefinieerd."	" "	""	"true"	"http://purl.org/vocab/cpsv#"	"implements"	"http://www.w3.org/2002/07/owl#ObjectProperty"	"http://purl.org/vocab/cpsv#Rule"	"http://purl.org/vocab/cpsv#FormalFramework"	""	"0"	"*"
"attribute"	"OSLO-Dienst"	"naam"	"{6CBE5B82-F039-4da7-B93B-9E7AF78B8DAB}"	""	"Agent"	"{6A2FB1BE-6DB5-400b-AE1D-20DD8D110C40}"	"String"	"naam"	"Naam vd agent."	"De naam moet gehaald worden bij de instantie vd subklasse (vb voorkeurnaam bij organisatie, volledigeNaam bij persoon)."	""	"true"	"http://purl.org/dc/terms/"	"title"	"http://www.w3.org/2002/07/owl#DatatypeProperty"	"http://purl.org/dc/terms/Agent"	"http://www.w3.org/2001/XMLSchema#string"	""	"1"	"1"
"attribute"	"OSLO-Dienst"	"adres"	"{5A894428-87C0-46da-80ED-121492FE03D0}"	""	"Agent"	"{6A2FB1BE-6DB5-400b-AE1D-20DD8D110C40}"	"Adresvoorstelling"	"adres"	"Adres vd agent."	"Het adres moet gehaald worden bij de instantie vd subklasse (vb vestigingsadres bij organisatie, verblijfsadres bij persoon)."	""	"true"	"http://data.europa.eu/m8g/"	"hasAddress"	"http://www.w3.org/2002/07/owl#ObjectProperty"	"http://purl.org/dc/terms/Agent"	"http://www.w3.org/ns/locn#Address"	""	"0"	"1"
"attribute"	"OSLO-Dienst"	"open"	"{718A21E3-8AD1-44e4-80C1-26F1D93C44E7}"	""	"OpeningsurenSpecificatie"	"{EB4EADE8-E57E-4c65-9302-DF56831BD1D7}"	"Time"	"open"	"Openingsuur vd plaats of dienst op de opgegeven dag vd week."	" "	""	"true"	"http://schema.org/"	"opens"	"http://www.w3.org/2002/07/owl#DatatypeProperty"	"http://schema.org/OpeningHoursSpecification"	"http://www.w3.org/2001/XMLSchema#time"	""	"0"	"1"
"attribute"	"OSLO-Dienst"	"gesloten"	"{67DE66FD-1291-4532-82BC-1CE30AC33F8C}"	""	"OpeningsurenSpecificatie"	"{EB4EADE8-E57E-4c65-9302-DF56831BD1D7}"	"Time"	"gesloten"	"Sluitingsuur vd plaats of dienst op de opgegeven dag vd week."	" "	""	"true"	"http://schema.org/"	"closes"	"http://www.w3.org/2002/07/owl#DatatypeProperty"	"http://schema.org/OpeningHoursSpecification"	"http://www.w3.org/2001/XMLSchema#time"	""	"0"	"1"
"attribute"	"OSLO-Dienst"	"dagVanDeWeek"	"{00E42AC5-D211-4fd9-B9E8-5C3CC95E5797}"	""	"OpeningsurenSpecificatie"	"{EB4EADE8-E57E-4c65-9302-DF56831BD1D7}"	"URI"	"dag van de week"	"Dag van de week waarvoor de openingsuren geldig zijn."	"Zie https://schema.org/DayOfWeek voor lijst van mogelijke waarden."	""	"true"	"http://schema.org/"	"dayOfWeek"	"http://www.w3.org/2002/07/owl#DatatypeProperty"	"http://schema.org/OpeningHoursSpecification"	"http://www.w3.org/2001/XMLSchema#anyURI"	""	"0"	"1"
"attribute"	"OSLO-Dienst"	"geldigVan"	"{F028D77D-6C8E-49be-B220-F9994B8E6F4F}"	""	"OpeningsurenSpecificatie"	"{EB4EADE8-E57E-4c65-9302-DF56831BD1D7}"	"DateTime"	"geldig van"	"Datum vanaf wanneer de opgegeven openingsuren gelden."	" "	""	"true"	"http://schema.org/"	"validFrom"	"http://www.w3.org/2002/07/owl#DatatypeProperty"	"http://schema.org/OpeningHoursSpecification"	"http://www.w3.org/2001/XMLSchema#dateTime"	""	"0"	"1"
"attribute"	"OSLO-Dienst"	"geldigTot"	"{52EC14B3-0030-443f-9B69-8AF3D7A6BB09}"	""	"OpeningsurenSpecificatie"	"{EB4EADE8-E57E-4c65-9302-DF56831BD1D7}"	"DateTime"	"geldig tot"	"Datum tot wanneer de opgegeven openingsuren gelden."	" "	""	"true"	"http://schema.org/"	"validThrough"	"http://www.w3.org/2002/07/owl#DatatypeProperty"	"http://schema.org/OpeningHoursSpecification"	"http://www.w3.org/2001/XMLSchema#dateTime"	""	"0"	"1"
"attribute"	"OSLO-Generiek"	"naam"	"{C2F6155E-2834-48e8-B372-DDC6A9EB150E}"	""	"FormeelKader"	"{64272970-1A4C-43c0-BAB2-1166BCD17A47}"	"TaalString"	"naam"	"Naam vh formeel kader."	" "	""	"true"	"http://purl.org/dc/terms/"	"title"	"http://www.w3.org/2002/07/owl#ObjectProperty"	"http://purl.org/vocab/cpsv#FormalFramework"	"http://www.w3.org/1999/02/22-rdf-syntax-ns#langString"	""	"1"	"1"
"attribute"	"OSLO-Generiek"	"beschrijving"	"{E821F88F-901B-4260-9363-81CE959436E6}"	""	"FormeelKader"	"{64272970-1A4C-43c0-BAB2-1166BCD17A47}"	"TaalString"	"beschrijving"	"Beschrijving van het formeel kader."	" "	""	"true"	"http://purl.org/dc/terms/"	"description"	"http://www.w3.org/2002/07/owl#ObjectProperty"	"http://purl.org/vocab/cpsv#FormalFramework"	"http://www.w3.org/1999/02/22-rdf-syntax-ns#langString"	""	"0"	"1"
"attribute"	"OSLO-Generiek"	"taal"	"{E81CB3E7-844E-4239-BD8B-DA987B01F6F1}"	""	"FormeelKader"	"{64272970-1A4C-43c0-BAB2-1166BCD17A47}"	"NAL_language"	"taal"	"Taal waarin het formeel kader beschikbaar is."	" "	""	"true"	"http://data.europa.eu/eli/ontology#"	"language"	"http://www.w3.org/2002/07/owl#ObjectProperty"	"http://purl.org/vocab/cpsv#FormalFramework"	"http://www.w3.org/2004/02/skos/core#Concept"	""	"0"	"*"
"attribute"	"OSLO-Generiek"	"status"	"{702DE05C-6703-4ab8-ACC9-6C10C3E898F3}"	""	"FormeelKader"	"{64272970-1A4C-43c0-BAB2-1166BCD17A47}"	"ELI_status"	"status"	"Status vh formeel kader."	"Bvb of het kader van kracht is, opgeheven, impliciet herroepen edm."	""	"true"	"http://www.w3.org/ns/adms#"	"status"	"http://www.w3.org/2002/07/owl#ObjectProperty"	"http://purl.org/vocab/cpsv#FormalFramework"	"http://data.vlaanderen.be/ns/generiek#ELI_status"	""	"0"	"1"
"attribute"	"OSLO-Generiek"	"onderwerp"	"{42CB667B-9F10-4bbd-9082-70EB8BCDC6B8}"	""	"FormeelKader"	"{64272970-1A4C-43c0-BAB2-1166BCD17A47}"	"Eurovoc"	"onderwerp"	"Onderwerp vh formeel kader."	" "	""	"true"	"http://data.europa.eu/m8g/"	"subject"	"http://www.w3.org/2002/07/owl#ObjectProperty"	"http://purl.org/vocab/cpsv#FormalFramework"	"http://data.vlaanderen.be/ns/generiek#Eurovoc"	""	"0"	"*"
"attribute"	"OSLO-Generiek"	"toepassingsgebied"	"{CD095CF4-E769-4661-AC0E-FD71E93BA170}"	""	"FormeelKader"	"{64272970-1A4C-43c0-BAB2-1166BCD17A47}"	"NUTS"	"toepassingsgebied"	"Het geografisch bereik vh formeel kader."	"Maw of bvb Europees, nationaal, lokaal is."	""	"true"	"http://data.europa.eu/m8g/"	"territorialApplication"	"http://www.w3.org/2002/07/owl#ObjectProperty"	"http://purl.org/vocab/cpsv#FormalFramework"	"http://data.vlaanderen.be/ns/generiek#NUTS"	""	"0"	"*"
"attribute"	"OSLO-Generiek"	"type"	"{8BB50F86-D303-4aee-BACA-B7792BFFE1FF}"	""	"FormeelKader"	"{64272970-1A4C-43c0-BAB2-1166BCD17A47}"	"NAL_type"	"type"	"Aard vh formeel kader."	"Bvb decreet, wet, ministrieel besluit etc."	""	"true"	"http://purl.org/dc/terms/"	"type"	"http://www.w3.org/2002/07/owl#ObjectProperty"	"http://purl.org/vocab/cpsv#FormalFramework"	"http://data.vlaanderen.be/ns/generiek#NAL_type"	""	"0"	"*"
"attribute"	"OSLO-Generiek"	"aanschrijfvorm"	"{2E059221-A140-4b3d-812F-ABDE8CB3019A}"	""	"ContactInfo"	"{E57F62A2-6B79-40bf-BC3D-675BE17B8FE2}"	"TaalString"	"aanschrijfvorm"	"Titel waarmee iemand wordt aangeschreven of aangesproken of waarmee naar iemand wordt verwezen."	"Bvb De heer/Mevrouw, Excellentie, Dokter"	""	"true"	"http://ww.w3.org/2006/vcard/ns#"	"honorific-prefix"	"http://www.w3.org/2002/07/owl#ObjectProperty"	"http://schema.org/ContactPoint"	"http://www.w3.org/1999/02/22-rdf-syntax-ns#langString"	""	"0"	"1"
"attribute"	"OSLO-Generiek"	"contactnaam"	"{2BBD6643-30B5-48ed-8371-239ED877DA08}"	""	"ContactInfo"	"{E57F62A2-6B79-40bf-BC3D-675BE17B8FE2}"	"String"	"contactnaam"	"Naam van bvb de persoon die men kan contacteren."	" "	""	"true"	"http://xmlns.com/foaf/0.1/"	"name"	"http://www.w3.org/2002/07/owl#DatatypeProperty"	"http://schema.org/ContactPoint"	"http://www.w3.org/2001/XMLSchema#string"	""	"0"	"1"
"attribute"	"OSLO-Generiek"	"email"	"{8D261546-BF7B-4b66-A1CD-4A9DDE13910D}"	""	"ContactInfo"	"{E57F62A2-6B79-40bf-BC3D-675BE17B8FE2}"	"String"	"email"	"Email-adres waarnaar men kan mailen."	" "	""	"true"	"http://schema.org/"	"email"	"http://www.w3.org/2002/07/owl#DatatypeProperty"	"http://schema.org/ContactPoint"	"http://www.w3.org/2001/XMLSchema#string"	""	"0"	"1"
"attribute"	"OSLO-Generiek"	"telefoon"	"{A4592757-18D2-462f-8720-8E89AB768641}"	""	"ContactInfo"	"{E57F62A2-6B79-40bf-BC3D-675BE17B8FE2}"	"String"	"telefoon"	"Telefoonnummer waarop men kan bellen."	" "	""	"true"	"http://schema.org/"	"telephone"	"http://www.w3.org/2002/07/owl#DatatypeProperty"	"http://schema.org/ContactPoint"	"http://www.w3.org/2001/XMLSchema#string"	""	"0"	"1"
"attribute"	"OSLO-Generiek"	"fax"	"{CC5E71BD-907C-42f3-A798-12BB5BC24A11}"	""	"ContactInfo"	"{E57F62A2-6B79-40bf-BC3D-675BE17B8FE2}"	"String"	"fax"	"Faxnummer waarnaar men kan faxen."	" "	""	"true"	"http://schema.org/"	"faxNumber"	"http://www.w3.org/2002/07/owl#DatatypeProperty"	"http://schema.org/ContactPoint"	"http://www.w3.org/2001/XMLSchema#string"	""	"0"	"1"
"attribute"	"OSLO-Generiek"	"website"	"{C64C98C0-B118-4873-9434-E0067B72811E}"	""	"ContactInfo"	"{E57F62A2-6B79-40bf-BC3D-675BE17B8FE2}"	"URI"	"website"	"Website waarnaar men kan surfen."	" "	""	"true"	"http://xmlns.com/foaf/0.1/"	"page"	"http://www.w3.org/2002/07/owl#DatatypeProperty"	"http://schema.org/ContactPoint"	"http://www.w3.org/2001/XMLSchema#anyURI"	""	"0"	"1"
"attribute"	"OSLO-Generiek"	"openingsuren"	"{C328AF52-66E6-4453-AD99-99CE22570C2E}"	""	"ContactInfo"	"{E57F62A2-6B79-40bf-BC3D-675BE17B8FE2}"	"OpeningsurenSpecificatie"	"openingsuren"	"Uren waarbinnen contact kan worden opgenomen."	"Syntax volgens schema.org voor openingsuren. Bv als contact kan worden opgenomen tussen 8 en 20u maandag tot zaterdag en tussen 8 en 18u op zondag wordt dit gecodeerd als Ma-za 08:00-20:00, zo 08:00-18:00."	""	"true"	"http://schema.org/"	"openingHours"	"http://www.w3.org/2002/07/owl#ObjectProperty"	"http://schema.org/ContactPoint"	"http://schema.org/OpeningHoursSpecification"	""	"0"	"1"
"attribute"	"OSLO-Generiek"	"beschikbaarheid"	"{76111DEB-A7F8-41a4-A4D7-78C372553F0C}"	""	"ContactInfo"	"{E57F62A2-6B79-40bf-BC3D-675BE17B8FE2}"	"OpeningsurenSpecificatie"	"beschikbaarheid"	"Periode waarin contact kan worden opgenomen."	"Bv aanduiding van het seizoen waarin contact kan worden opgenoment aangeboden. Begin- en einddatum volgens ISO8601 syntax."	""	"true"	"http://schema.org/"	"hoursAvailable"	"http://www.w3.org/2002/07/owl#ObjectProperty"	"http://schema.org/ContactPoint"	"http://schema.org/OpeningHoursSpecification"	""	"0"	"1"
"attribute"	"OSLO-Generiek"	"adres"	"{15E8964A-76A3-464e-A508-D511901BB937}"	""	"ContactInfo"	"{E57F62A2-6B79-40bf-BC3D-675BE17B8FE2}"	"Adresvoorstelling"	"adres"	"Adres dat men kan aanschrijven of bezoeken."	" "	""	"true"	"http://www.w3.org/ns/locn#"	"address"	"http://www.w3.org/2002/07/owl#ObjectProperty"	"http://schema.org/ContactPoint"	"http://www.w3.org/ns/locn#Address"	""	"0"	"1"
"attribute"	"OSLO-Organisatie"	"voorkeursNaam"	"{722DA2BD-8919-4afd-B222-DD6E959FE36B}"	""	"Organisatie"	"{D7B5719D-98EF-4b8c-BBD5-F10ACB925CA8}"	"TaalString"	"voorkeursnaam"	"Naam waarmee de organisatie bij voorkeur wordt aangeduid."	" "	""	"true"	"http://www.w3.org/2004/02/skos/core#"	"prefLabel"	"http://www.w3.org/2002/07/owl#ObjectProperty"	"https://www.w3.org/ns/org#Organization"	"http://www.w3.org/1999/02/22-rdf-syntax-ns#langString"	""	"1"	"1"
"attribute"	"OSLO-Organisatie"	"werkingsgebied"	"{BC4A33D3-B984-4838-80E0-BC3EDF8E9A1B}"	""	"PubliekeOrganisatie"	"{C9441F48-A6BF-4496-88E0-0B425E5E15E7}"	"ATU"	"Werkingsgebied"	"Administratief gebied dat de Publieke Organisatie dekt."	""	""	"true"	"http://purl.org/dc/terms/"	"spatial"	"http://www.w3.org/2002/07/owl#ObjectProperty"	"http://data.europa.eu/m8g/PublicOrganisation"	"http://www.w3.org/2004/02/skos/core#Concept"	""	"1"	"*"
"attribute"	"OSLO-Dienst"	"waarde"	"{BFAD378F-5AEA-4071-B460-DDC0FF03EF32}"	""	"Kost"	"{84A3ACF9-DA14-478c-9C77-E188C1CACA45}"	"Double"	"waarde"	"Omvang van de kost, uitgedrukt in de opgegeven munteenheid."	" "	""	"true"	"http://data.europa.eu/m8g/"	"value"	"http://www.w3.org/2002/07/owl#DatatypeProperty"	"http://data.europa.eu/m8g/Cost"	"http://www.w3.org/2001/XMLSchema#double"	""	"0"	"1"
"attribute"	"OSLO-Dienst"	"beschrijving"	"{DFCE80DE-8E05-428a-AB15-B7BBB550FC41}"	""	"Kost"	"{84A3ACF9-DA14-478c-9C77-E188C1CACA45}"	"String"	"beschrijving"	"Beschrijving van de kost."	" "	""	"true"	"http://purl.org/dc/terms/"	"description"	"http://www.w3.org/2002/07/owl#DatatypeProperty"	"http://data.europa.eu/m8g/Cost"	"http://www.w3.org/2001/XMLSchema#string"	""	"0"	"1"
"attribute"	"OSLO-Dienst"	"valuta"	"{46D725B7-676C-4742-AAF5-C7F42A72D7DC}"	""	"Kost"	"{84A3ACF9-DA14-478c-9C77-E188C1CACA45}"	"NAL_currency"	"valuta"	"Munteenheid waarin de kost is gedefinieerd."	" "	""	"true"	"http://data.europa.eu/m8g/"	"currency"	"http://www.w3.org/2002/07/owl#ObjectProperty"	"http://data.europa.eu/m8g/Cost"	"http://www.w3.org/2004/02/skos/core#Concept"	""	"0"	"1"
"attribute"	"OSLO-Dienst"	"type"	"{3DBF6AE0-C2DE-4853-8F25-6E3C7968AC18}"	""	"Kanaal"	"{A103ECB9-B7B0-4f59-B13D-3CB15E2F799D}"	"KanaalType"	"type"	"Aard vh kanaal."	" "	""	"true"	"http://purl.org/dc/terms/"	"type"	"http://www.w3.org/2002/07/owl#ObjectProperty"	"http://data.europa.eu/m8g/Channel"	"http://www.w3.org/2004/02/skos/core#Concept"	""	"0"	"1"
"attribute"	"OSLO-Dienst"	"openingsuren"	"{BE75D3AF-478E-43a2-824E-388736BF69D8}"	""	"Kanaal"	"{A103ECB9-B7B0-4f59-B13D-3CB15E2F799D}"	"GetypeerdeString"	"openingsuren"	"Uren waarbinnen de publieke dienstverlening beschikbaar is via het kanaal."	"Syntax volgens schema.org voor openingsuren. Bv als een dienstverlening telefonisch bereikbaar is tussen 8 en 20u maandag tot zaterdag and tussen 8 en 18u op zondag wordt dit gecodeerd als Ma-za 08:00-20:00, zo 08:00-18:00."	""	"true"	"http://schema.org/"	"openingHours"	"http://www.w3.org/2002/07/owl#DatatypeProperty"	"http://data.europa.eu/m8g/Channel"	"http://www.w3.org/2000/01/rdf-schema#Literal"	""	"0"	"*"
"attribute"	"OSLO-Dienst"	"beschikbaarheid"	"{0FEE2BD5-189B-454e-9EA4-A46D7C6FFA67}"	""	"Kanaal"	"{A103ECB9-B7B0-4f59-B13D-3CB15E2F799D}"	"OpeningsurenSpecificatie"	"beschikbaarheid"	"Periode waarin de publieke dienstverlening beschikbaar is via het kanaal."	"Bv startdatum zonder einddatum voor dienstverlening die nog actief is of een aanduiding van het seizoen waarin de dienstverlening wordt aangeboden. Een ingevulde einddatum geeft aan wanneer de dienstverlening werd beëindigd. Begin- en einddatum volgens ISO8601 syntax."	""	"true"	"http://schema.org/"	"hoursAvailable"	"http://www.w3.org/2002/07/owl#ObjectProperty"	"http://data.europa.eu/m8g/Channel"	"http://schema.org/OpeningHoursSpecification"	""	"0"	"*"
"attribute"	"OSLO-Dienst"	"beschrijving"	"{F77FA999-B95D-47de-ACF0-FCECA9B5ED0B}"	""	"Participatie"	"{A1594E71-F730-4f8b-B729-39900070D162}"	"TaalString"	"beschrijving"	"Beschrijving van de participatie."	" "	""	"true"	"http://purl.org/dc/terms/"	"description"	"http://www.w3.org/2002/07/owl#ObjectProperty"	"http://data.europa.eu/m8g/Participation"	"http://www.w3.org/1999/02/22-rdf-syntax-ns#langString"	""	"1"	"1"
"attribute"	"OSLO-Dienst"	"rol"	"{8EF7A271-D9E2-4803-B491-3CDA2922D45F}"	""	"Participatie"	"{A1594E71-F730-4f8b-B729-39900070D162}"	"ParticipatieRol"	"rol"	"De rol die de participant speelt."	" "	""	"true"	"http://data.europa.eu/m8g/"	"role"	"http://www.w3.org/2002/07/owl#ObjectProperty"	"http://data.europa.eu/m8g/Participation"	"http://www.w3.org/2004/02/skos/core#Concept"	""	"1"	"*"
"attribute"	"OSLO-Dienst"	"naam"	"{A1CA5118-A8DB-480c-9B7B-D928A018D8C8}"	""	"Richtlijn"	"{B13A0E44-31D4-42cd-BBB4-2D0A8BD6DEA1}"	"TaalString"	"titel"	"Naam vd richtlijn."	" "	""	"true"	"http://purl.org/dc/terms/"	"title"	"http://www.w3.org/2002/07/owl#ObjectProperty"	"http://purl.org/vocab/cpsv#Rule"	"http://www.w3.org/1999/02/22-rdf-syntax-ns#langString"	""	"1"	"1"
"attribute"	"OSLO-Dienst"	"beschrijving"	"{FF64C416-39CD-4a05-83FF-9F06D1EC0D1E}"	""	"Richtlijn"	"{B13A0E44-31D4-42cd-BBB4-2D0A8BD6DEA1}"	"TaalString"	"beschrijving"	"Beschrijving van de richtlijn."	" "	""	"true"	"http://purl.org/dc/terms/"	"description"	"http://www.w3.org/2002/07/owl#ObjectProperty"	"http://purl.org/vocab/cpsv#Rule"	"http://www.w3.org/1999/02/22-rdf-syntax-ns#langString"	""	"1"	"1"
"attribute"	"OSLO-Dienst"	"taal"	"{4DD188AB-32E6-4156-AD90-80CF38D7C514}"	""	"Richtlijn"	"{B13A0E44-31D4-42cd-BBB4-2D0A8BD6DEA1}"	"NAL_language"	"taal"	"Taal waarin de richtlijn is gesteld."	" "	""	"true"	"http://purl.org/dc/terms/"	"language"	"http://www.w3.org/2002/07/owl#ObjectProperty"	"http://purl.org/vocab/cpsv#Rule"	"http://www.w3.org/2004/02/skos/core#Concept"	""	"0"	"*"
"attribute"	"OSLO-Dienst"	"type"	"{97D4BBC2-A507-4a06-8073-718899E3340A}"	""	"Bewijs"	"{68B96E0D-7EF0-45d7-9212-E1DA92F53969}"	"BewijsType"	"type"	"Aard vh bewijs."	" "	""	"true"	"http://purl.org/dc/terms/"	"type"	"http://www.w3.org/2002/07/owl#ObjectProperty"	"http://data.europa.eu/m8g/Evidence"	"http://www.w3.org/2004/02/skos/core#Concept"	""	"0"	"1"
"attribute"	"OSLO-Dienst"	"naam"	"{4FB9B038-73C8-43d1-93EF-7D7E7E580856}"	""	"Bewijs"	"{68B96E0D-7EF0-45d7-9212-E1DA92F53969}"	"TaalString"	"naam"	"Officiële naam vh bewijs."	" "	""	"true"	"http://purl.org/dc/terms/"	"title"	"http://www.w3.org/2002/07/owl#ObjectProperty"	"http://data.europa.eu/m8g/Evidence"	"http://www.w3.org/1999/02/22-rdf-syntax-ns#langString"	""	"1"	"1"
"attribute"	"OSLO-Dienst"	"beschrijving"	"{33F762D1-A6C3-49c5-B664-0450764BCF6A}"	""	"Bewijs"	"{68B96E0D-7EF0-45d7-9212-E1DA92F53969}"	"TaalString"	"beschrijving"	"Beschrijving vh bewijs."	" "	""	"true"	"http://purl.org/dc/terms/"	"description"	"http://www.w3.org/2002/07/owl#ObjectProperty"	"http://data.europa.eu/m8g/Evidence"	"http://www.w3.org/1999/02/22-rdf-syntax-ns#langString"	""	"0"	"1"
"attribute"	"OSLO-Dienst"	"taal"	"{01694701-D6D2-4020-860D-C069416391CE}"	""	"Bewijs"	"{68B96E0D-7EF0-45d7-9212-E1DA92F53969}"	"NAL_language"	"taal"	"Taal waarin het aangeboden bewijs moet zijn gesteld."	" "	""	"true"	"http://purl.org/dc/terms/"	"language"	"http://www.w3.org/2002/07/owl#ObjectProperty"	"http://data.europa.eu/m8g/Evidence"	"http://www.w3.org/2004/02/skos/core#Concept"	""	"0"	"*"
"attribute"	"OSLO-Dienst"	"documentatie"	"{F6D9FBF6-EC42-4b9f-B6BB-46C210ADB5B5}"	""	"Bewijs"	"{68B96E0D-7EF0-45d7-9212-E1DA92F53969}"	"URI"	"documentatie"	"Documentatie gerelateerd ah bewiijs."	"Bvb template van een administratief document of aanvraagformulier of aanwijzingen voor het invullen ervan."	""	"true"	"http://xmlns.com/foaf/0.1/"	"page"	"http://www.w3.org/2002/07/owl#DatatypeProperty"	"http://data.europa.eu/m8g/Evidence"	"http://www.w3.org/2001/XMLSchema#anyURI"	""	"0"	"*"
"attribute"	"OSLO-Dienst"	"type"	"{25423568-AE87-471a-BD76-E4A10C0D9D9D}"	""	"Output"	"{912C21DD-DC46-4b48-A58A-66439AF4CE3B}"	"OutputType"	"type"	"Aard van de output."	" "	""	"true"	"http://purl.org/dc/terms/"	"type"	"http://www.w3.org/2002/07/owl#ObjectProperty"	"http://data.europa.eu/m8g/Output"	"http://www.w3.org/2004/02/skos/core#Concept"	""	"0"	"*"
"attribute"	"OSLO-Dienst"	"naam"	"{9ED83384-6708-4682-BA4F-151B296ECC22}"	""	"Output"	"{912C21DD-DC46-4b48-A58A-66439AF4CE3B}"	"TaalString"	"naam"	"Officiële naam van de output."	" "	""	"true"	"http://purl.org/dc/terms/"	"title"	"http://www.w3.org/2002/07/owl#ObjectProperty"	"http://data.europa.eu/m8g/Output"	"http://www.w3.org/1999/02/22-rdf-syntax-ns#langString"	""	"1"	"1"
"attribute"	"OSLO-Dienst"	"beschrijving"	"{D6281BDF-C4C1-4e55-8954-B61D74BB435E}"	""	"Output"	"{912C21DD-DC46-4b48-A58A-66439AF4CE3B}"	"TaalString"	"beschrijving"	"Beschrijving van de output."	" "	""	"true"	"http://purl.org/dc/terms/"	"description"	"http://www.w3.org/2002/07/owl#ObjectProperty"	"http://data.europa.eu/m8g/Output"	"http://www.w3.org/1999/02/22-rdf-syntax-ns#langString"	""	"0"	"1"
"attribute"	"OSLO-Dienst"	"naam"	"{4B834897-86E0-401f-B6C8-B715FB61A277}"	""	"CriteriumVereiste"	"{783349D4-BE1F-492a-8F28-8BFA7BA2491D}"	"TaalString"	"naam"	"Officiële naam vd criteriumVereiste."	" "	""	"true"	"http://purl.org/dc/terms/"	"title"	"http://www.w3.org/2002/07/owl#ObjectProperty"	"http://data.europa.eu/m8g/CriterionRequirement"	"http://www.w3.org/1999/02/22-rdf-syntax-ns#langString"	""	"1"	"1"
"attribute"	"OSLO-Dienst"	"type"	"{99E77FB7-EE6C-48da-8CF8-3E5AB1AE1AE7}"	""	"CriteriumVereiste"	"{783349D4-BE1F-492a-8F28-8BFA7BA2491D}"	"CriteriumVereisteType"	"type"	"Aard vd criteriumvereiste."	" "	""	"true"	"http://purl.org/dc/terms/"	"type"	"http://www.w3.org/2002/07/owl#ObjectProperty"	"http://data.europa.eu/m8g/CriterionRequirement"	"http://www.w3.org/2004/02/skos/core#Concept"	""	"1"	"1"
"attribute"	"OSLO-Dienst"	"naam"	"{2B7089CE-C00B-4843-9279-F00C78681139}"	""	"Gebeurtenis"	"{F381B83A-C2B9-41cc-8243-A278D71C2CAB}"	"TaalString"	"naam"	"Naam van de gebeurtenis."	" "	""	"true"	"http://purl.org/dc/terms/"	"title"	"http://www.w3.org/2002/07/owl#ObjectProperty"	"http://data.europa.eu/m8g/Event"	"http://www.w3.org/1999/02/22-rdf-syntax-ns#langString"	""	"1"	"1"
"attribute"	"OSLO-Dienst"	"beschrijving"	"{ACE90FD6-E01F-4073-873A-751E3F7B45DD}"	""	"Gebeurtenis"	"{F381B83A-C2B9-41cc-8243-A278D71C2CAB}"	"TaalString"	"beschrijving"	"Beschrijving van de gebeurtenis."	"Beschrijving zoals ze zichtbaar voor de gebruikers van de dienstencataloog. Voorkeur gaat naar gedetailleerde beschrijvingen."	""	"true"	"http://purl.org/dc/terms/"	"description"	"http://www.w3.org/2002/07/owl#ObjectProperty"	"http://data.europa.eu/m8g/Event"	"http://www.w3.org/1999/02/22-rdf-syntax-ns#langString"	""	"0"	"1"
"attribute"	"OSLO-Dienst"	"type"	"{4AEDC6C1-FF84-430a-AB48-98B288694B24}"	""	"Gebeurtenis"	"{F381B83A-C2B9-41cc-8243-A278D71C2CAB}"	"GebeurtenisType"	"type"	"Aard van de gebeurtenis."	" "	""	"true"	"http://purl.org/dc/terms/"	"type"	"http://www.w3.org/2002/07/owl#ObjectProperty"	"http://data.europa.eu/m8g/Event"	"http://www.w3.org/2004/02/skos/core#Concept"	""	"0"	"*"
"attribute"	"OSLO-Dienst"	"naam"	"{E342EEDD-4A79-4f91-905D-89632B566461}"	""	"PubliekeDienstverlening"	"{0421F767-895F-4788-97E6-CDC0F4B4F698}"	"TaalString"	"naam"	"Officiële naam van de publieke dienstverlening."	" "	""	"true"	"http://purl.org/dc/terms/"	"title"	"http://www.w3.org/2002/07/owl#ObjectProperty"	"http://purl.org/vocab/cpsv#PublicService"	"http://www.w3.org/1999/02/22-rdf-syntax-ns#langString"	""	"1"	"1"
"attribute"	"OSLO-Dienst"	"beschrijving"	"{48097330-38A8-4ea6-92A9-FB60AE3F021C}"	""	"PubliekeDienstverlening"	"{0421F767-895F-4788-97E6-CDC0F4B4F698}"	"TaalString"	"beschrijving"	"Beschrijving vd publieke dienstverlening."	" "	""	"true"	"http://purl.org/dc/terms/"	"description"	"http://www.w3.org/2002/07/owl#ObjectProperty"	"http://purl.org/vocab/cpsv#PublicService"	"http://www.w3.org/1999/02/22-rdf-syntax-ns#langString"	""	"1"	"1"
"attribute"	"OSLO-Dienst"	"trefwoord"	"{F5C26682-3BE9-4cc7-8A7B-00B21B30FE02}"	""	"PubliekeDienstverlening"	"{0421F767-895F-4788-97E6-CDC0F4B4F698}"	"TaalString"	"trefwoord"	"Sleutelwoord, term, begrip dat de publieke dienst beschrijft."	" "	""	"true"	"http://www.w3.org/ns/dcat#"	"keyword"	"http://www.w3.org/2002/07/owl#ObjectProperty"	"http://purl.org/vocab/cpsv#PublicService"	"http://www.w3.org/1999/02/22-rdf-syntax-ns#langString"	""	"0"	"*"
"attribute"	"OSLO-Dienst"	"sector"	"{DCBEC4F8-1737-4d0d-8669-2CE610548564}"	""	"PubliekeDienstverlening"	"{0421F767-895F-4788-97E6-CDC0F4B4F698}"	"NACE"	"sector"	"Sector of bedrijvigheid waarop de publieke dienstverlening betrekking heeft of waarvoor deze is bedoeld."	"Bv milieu, veiligheid, wonen... "	""	"true"	"http://data.europa.eu/m8g/"	"sector"	"http://www.w3.org/2002/07/owl#ObjectProperty"	"http://purl.org/vocab/cpsv#PublicService"	"http://www.w3.org/2004/02/skos/core#Concept"	""	"0"	"*"
"attribute"	"OSLO-Dienst"	"type"	"{159B3A0D-0D8B-416a-A22C-BC4434A00710}"	""	"PubliekeDienstverlening"	"{0421F767-895F-4788-97E6-CDC0F4B4F698}"	"COFOG"	"type"	"Soort publieke dienstverlening."	"Bvb bescherming, gezondheid, recreatie, cultuu en religie, economische zaken."	""	"true"	"http://purl.org/dc/terms/"	"type"	"http://www.w3.org/2002/07/owl#ObjectProperty"	"http://purl.org/vocab/cpsv#PublicService"	"http://www.w3.org/2004/02/skos/core#Concept"	""	"0"	"*"
"attribute"	"OSLO-Dienst"	"taal"	"{77E1E909-D9B9-480c-AE7F-72B71936EA59}"	""	"PubliekeDienstverlening"	"{0421F767-895F-4788-97E6-CDC0F4B4F698}"	"NAL_language"	"taal"	"Taal waarin een publieke dienstverlening wordt aangeboden."	" "	""	"true"	"http://purl.org/dc/terms/"	"language"	"http://www.w3.org/2002/07/owl#ObjectProperty"	"http://purl.org/vocab/cpsv#PublicService"	"http://www.w3.org/2004/02/skos/core#Concept"	""	"0"	"*"
"attribute"	"OSLO-Dienst"	"status"	"{1C1F7767-4153-4464-AAA0-16319F761AAE}"	""	"PubliekeDienstverlening"	"{0421F767-895F-4788-97E6-CDC0F4B4F698}"	"ADMSStatusVocabularium"	"status"	"Geeft aan of een publieke dienstverlening actief, inactief, in ontwikkeling etc is."	" "	""	"true"	"http://www.w3.org/ns/adms#"	"status"	"http://www.w3.org/2002/07/owl#ObjectProperty"	"http://purl.org/vocab/cpsv#PublicService"	"http://www.w3.org/2004/02/skos/core#Concept"	""	"0"	"1"
"attribute"	"OSLO-Dienst"	"ruimtelijkeDekking"	"{AC42EB42-35D0-42ec-ADB4-D78BC4A31B1C}"	""	"PubliekeDienstverlening"	"{0421F767-895F-4788-97E6-CDC0F4B4F698}"	"ATU"	"ruimtelijke dekking"	"Gebied waarin de publieke dienstverlening beschikbaar is."	"Typisch het werkingsgebied van de verantwoordelijke publieke organisatie."	""	"true"	"http://purl.org/dc/terms/"	"spatial"	"http://www.w3.org/2002/07/owl#ObjectProperty"	"http://purl.org/vocab/cpsv#PublicService"	"http://www.w3.org/2004/02/skos/core#Concept"	""	"0"	"*"
"attribute"	"OSLO-Dienst"	"contactinfo"	"{595FB740-05EB-4fa6-87AC-68E114F619FF}"	""	"PubliekeDienstverlening"	"{0421F767-895F-4788-97E6-CDC0F4B4F698}"	"ContactInfo"	"contactinfo"	"Informatie waarmee de publieke dienstverlening kan worden gecontacteerd."	"Verschillend van de informatie waarmee de publieke organisatie kan worden gecontacteerd."	""	"true"	"http://data.europa.eu/m8g/"	"hasContactPoint"	"http://www.w3.org/2002/07/owl#ObjectProperty"	"http://purl.org/vocab/cpsv#PublicService"	"http://schema.org/ContactPoint"	""	"0"	"1"
"attribute"	"OSLO-Dienst"	"verwerkingstijd"	"{8AEDC092-233E-4100-A8E3-FFD656CDFD5D}"	""	"PubliekeDienstverlening"	"{0421F767-895F-4788-97E6-CDC0F4B4F698}"	"String"	"verwerkingstijd"	"Geschatte tijd nodig om de publieke dienstverlening af te leveren."	"De ISO8601 syntax moet worden gebruikt om de duurtijd te noteren. Bvb 5 jaar is P5Y, 1 maand is P1M."	""	"true"	"http://data.europa.eu/m8g/"	"processingTime"	"http://www.w3.org/2002/07/owl#DatatypeProperty"	"http://purl.org/vocab/cpsv#PublicService"	"http://www.w3.org/2001/XMLSchema#string"	""	"0"	"1"
"attribute"	"OSLO-Dienst"	"kost"	"{C0AC2B1B-F538-4d85-93E9-44325B426EA1}"	""	"PubliekeDienstverlening"	"{0421F767-895F-4788-97E6-CDC0F4B4F698}"	"Kost"	"kost"	"Kostprijs verbonden aan het gebruik van de publieke dienstverlening."	" "	""	"true"	"http://data.europa.eu/m8g/"	"hasCost"	"http://www.w3.org/2002/07/owl#ObjectProperty"	"http://purl.org/vocab/cpsv#PublicService"	"http://data.europa.eu/m8g/Cost"	""	"0"	"*"
"attribute"	"OSLO-Dienst"	"email"	"{562499D0-A3D2-4e53-AFCA-C036D4F78403}"	""	"KanaalType"	"{11F7908E-F69B-4d1e-81DF-CF824A4CB911}"	""	""	"TODO"	"TODO"	""	"false"	"http://data.vlaanderen.be/ns/dienst/KanaalType/"	"http://data.vlaanderen.be/ns/dienst/KanaalType/email"	"http://www.w3.org/2004/02/skos/core#Concept"	""	""	""	""	""
"attribute"	"OSLO-Dienst"	"homepage"	"{DE5CBBF2-42F8-4fa1-AA83-32EC463261C6}"	""	"KanaalType"	"{11F7908E-F69B-4d1e-81DF-CF824A4CB911}"	""	""	"TODO"	"TODO"	""	"false"	"http://data.vlaanderen.be/ns/dienst/KanaalType/"	"http://data.vlaanderen.be/ns/dienst/KanaalType/homepage"	"http://www.w3.org/2004/02/skos/core#Concept"	""	""	""	""	""
"attribute"	"OSLO-Dienst"	"fax"	"{1D079F73-3CEA-4c26-9204-D785B4F4A560}"	""	"KanaalType"	"{11F7908E-F69B-4d1e-81DF-CF824A4CB911}"	""	""	"TODO"	"TODO"	""	"false"	"http://data.vlaanderen.be/ns/dienst/KanaalType/"	"http://data.vlaanderen.be/ns/dienst/KanaalType/fax"	"http://www.w3.org/2004/02/skos/core#Concept"	""	""	""	""	""
"attribute"	"OSLO-Dienst"	"assistent"	"{4363F402-66CF-4b5c-A666-CBA8C3B93419}"	""	"KanaalType"	"{11F7908E-F69B-4d1e-81DF-CF824A4CB911}"	""	""	"TODO"	"TODO"	""	"false"	"http://data.vlaanderen.be/ns/dienst/KanaalType/"	"http://data.vlaanderen.be/ns/dienst/KanaalType/assistent"	"http://www.w3.org/2004/02/skos/core#Concept"	""	""	""	""	""
"attribute"	"OSLO-Dienst"	"telefoon"	"{713B8BF9-8F0C-4394-BAD8-023FEC780503}"	""	"KanaalType"	"{11F7908E-F69B-4d1e-81DF-CF824A4CB911}"	""	""	"TODO"	"TODO"	""	"false"	"http://data.vlaanderen.be/ns/dienst/KanaalType/"	"http://data.vlaanderen.be/ns/dienst/KanaalType/telefoon"	"http://www.w3.org/2004/02/skos/core#Concept"	""	""	""	""	""
"attribute"	"OSLO-Dienst"	"mobieleApp"	"{E00AD58F-650A-4596-9C4C-1F49106C755A}"	""	"KanaalType"	"{11F7908E-F69B-4d1e-81DF-CF824A4CB911}"	""	""	"TODO"	"TODO"	""	"false"	"http://data.vlaanderen.be/ns/dienst/KanaalType/"	"http://data.vlaanderen.be/ns/dienst/KanaalType/mobieleApp"	"http://www.w3.org/2004/02/skos/core#Concept"	""	""	""	""	""
"attribute"	"OSLO-Dienst"	"digitaleTV"	"{935BFC52-1582-49d6-A35F-4F18F3D84C55}"	""	"KanaalType"	"{11F7908E-F69B-4d1e-81DF-CF824A4CB911}"	""	""	"TODO"	"TODO"	""	"false"	"http://data.vlaanderen.be/ns/dienst/KanaalType/"	"http://data.vlaanderen.be/ns/dienst/KanaalType/digitaleTV"	"http://www.w3.org/2004/02/skos/core#Concept"	""	""	""	""	""
"attribute"	"OSLO-Dienst"	"post"	"{60D5347F-77A1-407d-B835-1A156319325E}"	""	"KanaalType"	"{11F7908E-F69B-4d1e-81DF-CF824A4CB911}"	""	""	"TODO"	"TODO"	""	"false"	"http://data.vlaanderen.be/ns/dienst/KanaalType/"	"http://data.vlaanderen.be/ns/dienst/KanaalType/post"	"http://www.w3.org/2004/02/skos/core#Concept"	""	""	""	""	""
"attribute"	"OSLO-Dienst"	"kantoor"	"{FB659285-7ED3-4768-B60C-677B550B5E2B}"	""	"KanaalType"	"{11F7908E-F69B-4d1e-81DF-CF824A4CB911}"	""	""	"TODO"	"TODO"	""	"false"	"http://data.vlaanderen.be/ns/dienst/KanaalType/"	"http://data.vlaanderen.be/ns/dienst/KanaalType/kantoor"	"http://www.w3.org/2004/02/skos/core#Concept"	""	""	""	""	""
"attribute"	"OSLO-Dienst"	"terPlekke"	"{A6F92A63-0199-43f2-AE9B-287E2A1F25AF}"	""	"KanaalType"	"{11F7908E-F69B-4d1e-81DF-CF824A4CB911}"	""	""	"TODO"	"TODO"	""	"false"	"http://data.vlaanderen.be/ns/dienst/KanaalType/"	"http://data.vlaanderen.be/ns/dienst/KanaalType/terPlekke"	"http://www.w3.org/2004/02/skos/core#Concept"	""	""	""	""	""
"attribute"	"OSLO-Dienst"	"BedrijfsGebeurtenis_EenZaakStarten_EenBedrijfRegistreren"	"{B4C5DBE8-7B58-48d4-BB57-42A8F2FADBF9}"	""	"GebeurtenisType"	"{94C5EC1C-C21F-4cfd-B185-D6FA8C738793}"	""	""	"TODO"	"TODO"	""	"false"	"http://data.vlaanderen.be/ns/dienst/GebeurtenisType/"	"http://data.vlaanderen.be/ns/dienst/GebeurtenisType/BedrijfsGebeurtenis_EenZaakStarten_EenBedrijfRegistreren"	"http://www.w3.org/2004/02/skos/core#Concept"	""	""	""	""	""
"attribute"	"OSLO-Dienst"	"BedrijfsGebeurtenis_EenZaakStarten_LicentieVergunningOfCertificaatNodigHebbenOmDeActiviteitTeKunnenStartenOfVererzetten"	"{E49DBD0C-38CC-40a2-BFAB-212B8243F3E3}"	""	"GebeurtenisType"	"{94C5EC1C-C21F-4cfd-B185-D6FA8C738793}"	""	""	"TODO"	"TODO"	""	"false"	"http://data.vlaanderen.be/ns/dienst/GebeurtenisType/"	"http://data.vlaanderen.be/ns/dienst/GebeurtenisType/BedrijfsGebeurtenis_EenZaakStarten_LicentieVergunningOfCertificaatNodigHebbenOmDeActiviteitTeKunnenStartenOfVererzetten"	"http://www.w3.org/2004/02/skos/core#Concept"	""	""	""	""	""
"attribute"	"OSLO-Dienst"	"BedrijfsGebeurtenis_EenZaakStarten_IntellectueleEigendomRegistreren"	"{7945BD85-17B1-4c78-AEE1-0028D9657672}"	""	"GebeurtenisType"	"{94C5EC1C-C21F-4cfd-B185-D6FA8C738793}"	""	""	"TODO"	"TODO"	""	"false"	"http://data.vlaanderen.be/ns/dienst/GebeurtenisType/"	"http://data.vlaanderen.be/ns/dienst/GebeurtenisType/BedrijfsGebeurtenis_EenZaakStarten_IntellectueleEigendomRegistreren"	"http://www.w3.org/2004/02/skos/core#Concept"	""	""	""	""	""
"attribute"	"OSLO-Dienst"	"BedrijfsGebeurtenis_EenZaakStarten_EenVestigingRegistreren"	"{7049476F-921D-4a6f-92DB-750399D07321}"	""	"GebeurtenisType"	"{94C5EC1C-C21F-4cfd-B185-D6FA8C738793}"	""	""	"TODO"	"TODO"	""	"false"	"http://data.vlaanderen.be/ns/dienst/GebeurtenisType/"	"http://data.vlaanderen.be/ns/dienst/GebeurtenisType/BedrijfsGebeurtenis_EenZaakStarten_EenVestigingRegistreren"	"http://www.w3.org/2004/02/skos/core#Concept"	""	""	""	""	""
"attribute"	"OSLO-Dienst"	"BedrijfsGebeurtenis_EenZaakStarten_EenNieuweActiviteitBeginnen"	"{C0BBB4F3-4A66-4f06-AB89-CB0FF230E8B6}"	""	"GebeurtenisType"	"{94C5EC1C-C21F-4cfd-B185-D6FA8C738793}"	""	""	"TODO"	"TODO"	""	"false"	"http://data.vlaanderen.be/ns/dienst/GebeurtenisType/"	"http://data.vlaanderen.be/ns/dienst/GebeurtenisType/BedrijfsGebeurtenis_EenZaakStarten_EenNieuweActiviteitBeginnen"	"http://www.w3.org/2004/02/skos/core#Concept"	""	""	""	""	""
"attribute"	"OSLO-Dienst"	"BedrijfsGebeurtenis_EenZaakStarten_EenBedrijfFinancieren"	"{D254F3DB-3C3F-4225-9272-EE09EA1357EB}"	""	"GebeurtenisType"	"{94C5EC1C-C21F-4cfd-B185-D6FA8C738793}"	""	""	"TODO"	"TODO"	""	"false"	"http://data.vlaanderen.be/ns/dienst/GebeurtenisType/"	"http://data.vlaanderen.be/ns/dienst/GebeurtenisType/BedrijfsGebeurtenis_EenZaakStarten_EenBedrijfFinancieren"	"http://www.w3.org/2004/02/skos/core#Concept"	""	""	""	""	""
"attribute"	"OSLO-Dienst"	"BedrijfsGebeurtenis_EenZaakStarten_EenWerknemerAanwerven"	"{7240F2D0-4C09-4721-8346-491A6026F935}"	""	"GebeurtenisType"	"{94C5EC1C-C21F-4cfd-B185-D6FA8C738793}"	""	""	"TODO"	"TODO"	""	"false"	"http://data.vlaanderen.be/ns/dienst/GebeurtenisType/"	"http://data.vlaanderen.be/ns/dienst/GebeurtenisType/BedrijfsGebeurtenis_EenZaakStarten_EenWerknemerAanwerven"	"http://www.w3.org/2004/02/skos/core#Concept"	""	""	""	""	""
"attribute"	"OSLO-Dienst"	"BedrijfsGebeurtenis_EenZaakStartenInHetBuitenland_EenBuitenlandseOndernemingRegistreren"	"{6C6FC46D-ECDC-4318-A075-68B0A27AA6F6}"	""	"GebeurtenisType"	"{94C5EC1C-C21F-4cfd-B185-D6FA8C738793}"	""	""	"TODO"	"TODO"	""	"false"	"http://data.vlaanderen.be/ns/dienst/GebeurtenisType/"	"http://data.vlaanderen.be/ns/dienst/GebeurtenisType/BedrijfsGebeurtenis_EenZaakStartenInHetBuitenland_EenBuitenlandseOndernemingRegistreren"	"http://www.w3.org/2004/02/skos/core#Concept"	""	""	""	""	""
"attribute"	"OSLO-Dienst"	"BedrijfsGebeurtenis_EenZaakStartenInHetBuitenland_EenVestigingRegistreren"	"{862ED8CF-AD8F-4689-A31B-E682E7D3844F}"	""	"GebeurtenisType"	"{94C5EC1C-C21F-4cfd-B185-D6FA8C738793}"	""	""	"TODO"	"TODO"	""	"false"	"http://data.vlaanderen.be/ns/dienst/GebeurtenisType/"	"http://data.vlaanderen.be/ns/dienst/GebeurtenisType/BedrijfsGebeurtenis_EenZaakStartenInHetBuitenland_EenVestigingRegistreren"	"http://www.w3.org/2004/02/skos/core#Concept"	""	""	""	""	""
"attribute"	"OSLO-Dienst"	"BedrijfsGebeurtenis_ZakenDoen_EenBedrijfFinancieren"	"{2BB793BC-5EDD-4f6d-BE36-C74218CA5B38}"	""	"GebeurtenisType"	"{94C5EC1C-C21F-4cfd-B185-D6FA8C738793}"	""	""	"TODO"	"TODO"	""	"false"	"http://data.vlaanderen.be/ns/dienst/GebeurtenisType/"	"http://data.vlaanderen.be/ns/dienst/GebeurtenisType/BedrijfsGebeurtenis_ZakenDoen_EenBedrijfFinancieren"	"http://www.w3.org/2004/02/skos/core#Concept"	""	""	""	""	""
"attribute"	"OSLO-Dienst"	"BedrijfsGebeurtenis_ZakenDoen_LicentieVergunningOfCertificaatNodigHebbenOmDeActiviteitTeKunnenStartenOfVererzetten"	"{10418E8D-AA25-4f07-8C5B-7471E3B17AFA}"	""	"GebeurtenisType"	"{94C5EC1C-C21F-4cfd-B185-D6FA8C738793}"	""	""	"TODO"	"TODO"	""	"false"	"http://data.vlaanderen.be/ns/dienst/GebeurtenisType/"	"http://data.vlaanderen.be/ns/dienst/GebeurtenisType/BedrijfsGebeurtenis_ZakenDoen_LicentieVergunningOfCertificaatNodigHebbenOmDeActiviteitTeKunnenStartenOfVererzetten"	"http://www.w3.org/2004/02/skos/core#Concept"	""	""	""	""	""
"attribute"	"OSLO-Dienst"	"BedrijfsGebeurtenis_ZakenDoen_InteleectueleEigendomRegistreren"	"{5DFED9E0-8BFF-43e0-BDFC-DFB149933A05}"	""	"GebeurtenisType"	"{94C5EC1C-C21F-4cfd-B185-D6FA8C738793}"	""	""	"TODO"	"TODO"	""	"false"	"http://data.vlaanderen.be/ns/dienst/GebeurtenisType/"	"http://data.vlaanderen.be/ns/dienst/GebeurtenisType/BedrijfsGebeurtenis_ZakenDoen_InteleectueleEigendomRegistreren"	"http://www.w3.org/2004/02/skos/core#Concept"	""	""	""	""	""
"attribute"	"OSLO-Dienst"	"BedrijfsGebeurtenis_ZakenDoen_EenWerknemerAanwerven"	"{F18A2967-8CDD-465f-823C-87DFD26EEE9A}"	""	"GebeurtenisType"	"{94C5EC1C-C21F-4cfd-B185-D6FA8C738793}"	""	""	"TODO"	"TODO"	""	"false"	"http://data.vlaanderen.be/ns/dienst/GebeurtenisType/"	"http://data.vlaanderen.be/ns/dienst/GebeurtenisType/BedrijfsGebeurtenis_ZakenDoen_EenWerknemerAanwerven"	"http://www.w3.org/2004/02/skos/core#Concept"	""	""	""	""	""
"attribute"	"OSLO-Dienst"	"BedrijfsGebeurtenis_ZakenDoen_DeelnemenAanEenPubliekeAanbesteding"	"{2C5B2BCF-2FB6-4690-A91F-8F419A08167E}"	""	"GebeurtenisType"	"{94C5EC1C-C21F-4cfd-B185-D6FA8C738793}"	""	""	"TODO"	"TODO"	""	"false"	"http://data.vlaanderen.be/ns/dienst/GebeurtenisType/"	"http://data.vlaanderen.be/ns/dienst/GebeurtenisType/BedrijfsGebeurtenis_ZakenDoen_DeelnemenAanEenPubliekeAanbesteding"	"http://www.w3.org/2004/02/skos/core#Concept"	""	""	""	""	""
"attribute"	"OSLO-Dienst"	"BedrijfsGebeurtenis_ZakenDoen_AutoriteitenInlichtenEnRapporteren"	"{417FDB16-C867-4aa0-ABC0-00110CC4DEA4}"	""	"GebeurtenisType"	"{94C5EC1C-C21F-4cfd-B185-D6FA8C738793}"	""	""	"TODO"	"TODO"	""	"false"	"http://data.vlaanderen.be/ns/dienst/GebeurtenisType/"	"http://data.vlaanderen.be/ns/dienst/GebeurtenisType/BedrijfsGebeurtenis_ZakenDoen_AutoriteitenInlichtenEnRapporteren"	"http://www.w3.org/2004/02/skos/core#Concept"	""	""	""	""	""
"attribute"	"OSLO-Dienst"	"BedrijfsGebeurtenis_ZakenDoen_EenNieuweActiviteitBeginnen"	"{2B24BB28-582D-4879-8EDD-C1C5582AE02E}"	""	"GebeurtenisType"	"{94C5EC1C-C21F-4cfd-B185-D6FA8C738793}"	""	""	"TODO"	"TODO"	""	"false"	"http://data.vlaanderen.be/ns/dienst/GebeurtenisType/"	"http://data.vlaanderen.be/ns/dienst/GebeurtenisType/BedrijfsGebeurtenis_ZakenDoen_EenNieuweActiviteitBeginnen"	"http://www.w3.org/2004/02/skos/core#Concept"	""	""	""	""	""
"attribute"	"OSLO-Dienst"	"BedrijfsGebeurtenis_ZakenDoen_EenVestigingRegistreren"	"{A1B13453-8966-462a-B058-E943782A3282}"	""	"GebeurtenisType"	"{94C5EC1C-C21F-4cfd-B185-D6FA8C738793}"	""	""	"TODO"	"TODO"	""	"false"	"http://data.vlaanderen.be/ns/dienst/GebeurtenisType/"	"http://data.vlaanderen.be/ns/dienst/GebeurtenisType/BedrijfsGebeurtenis_ZakenDoen_EenVestigingRegistreren"	"http://www.w3.org/2004/02/skos/core#Concept"	""	""	""	""	""
"attribute"	"OSLO-Dienst"	"BedrijfsGebeurtenis_ZakenDoen_SchuldenNietKunnenBetalen"	"{25CA1DEF-8561-4fac-A069-9B9EFA91E3A4}"	""	"GebeurtenisType"	"{94C5EC1C-C21F-4cfd-B185-D6FA8C738793}"	""	""	"TODO"	"TODO"	""	"false"	"http://data.vlaanderen.be/ns/dienst/GebeurtenisType/"	"http://data.vlaanderen.be/ns/dienst/GebeurtenisType/BedrijfsGebeurtenis_ZakenDoen_SchuldenNietKunnenBetalen"	"http://www.w3.org/2004/02/skos/core#Concept"	""	""	""	""	""
"attribute"	"OSLO-Dienst"	"BedrijfsGebeurtenis_ZaakStopzetten_EenBedrijfHerstructureren"	"{DDD69723-C154-45e1-ACD2-74B11865F906}"	""	"GebeurtenisType"	"{94C5EC1C-C21F-4cfd-B185-D6FA8C738793}"	""	""	"TODO"	"TODO"	""	"false"	"http://data.vlaanderen.be/ns/dienst/GebeurtenisType/"	"http://data.vlaanderen.be/ns/dienst/GebeurtenisType/BedrijfsGebeurtenis_ZaakStopzetten_EenBedrijfHerstructureren"	"http://www.w3.org/2004/02/skos/core#Concept"	""	""	""	""	""
"attribute"	"OSLO-Dienst"	"BedrijfsGebeurtenis_ZaakStopzetten_EenBedrijfOpheffen"	"{1F1F1A3A-E41F-46db-B0A6-99A231F92248}"	""	"GebeurtenisType"	"{94C5EC1C-C21F-4cfd-B185-D6FA8C738793}"	""	""	"TODO"	"TODO"	""	"false"	"http://data.vlaanderen.be/ns/dienst/GebeurtenisType/"	"http://data.vlaanderen.be/ns/dienst/GebeurtenisType/BedrijfsGebeurtenis_ZaakStopzetten_EenBedrijfOpheffen"	"http://www.w3.org/2004/02/skos/core#Concept"	""	""	""	""	""
"attribute"	"OSLO-Dienst"	"Levensgebeurtenis_EenKindKrijgen"	"{00050F2E-AD3C-4265-9B8A-6A908F5C3624}"	""	"GebeurtenisType"	"{94C5EC1C-C21F-4cfd-B185-D6FA8C738793}"	""	""	"TODO"	"TODO"	""	"false"	"http://data.vlaanderen.be/ns/dienst/GebeurtenisType/"	"http://data.vlaanderen.be/ns/dienst/GebeurtenisType/Levensgebeurtenis_EenKindKrijgen"	"http://www.w3.org/2004/02/skos/core#Concept"	""	""	""	""	""
"attribute"	"OSLO-Dienst"	"Levensgebeurtenis_WerkenInDeVerzorgingsSector"	"{F4F76E31-947D-4eae-9A0D-1933E74E8640}"	""	"GebeurtenisType"	"{94C5EC1C-C21F-4cfd-B185-D6FA8C738793}"	""	""	"TODO"	"TODO"	""	"false"	"http://data.vlaanderen.be/ns/dienst/GebeurtenisType/"	"http://data.vlaanderen.be/ns/dienst/GebeurtenisType/Levensgebeurtenis_WerkenInDeVerzorgingsSector"	"http://www.w3.org/2004/02/skos/core#Concept"	""	""	""	""	""
"attribute"	"OSLO-Dienst"	"Levensgebeurtenis_EenOpleidingStarten"	"{A784E97F-9E7C-4643-8FF3-53133349A8AC}"	""	"GebeurtenisType"	"{94C5EC1C-C21F-4cfd-B185-D6FA8C738793}"	""	""	"TODO"	"TODO"	""	"false"	"http://data.vlaanderen.be/ns/dienst/GebeurtenisType/"	"http://data.vlaanderen.be/ns/dienst/GebeurtenisType/Levensgebeurtenis_EenOpleidingStarten"	"http://www.w3.org/2004/02/skos/core#Concept"	""	""	""	""	""
"attribute"	"OSLO-Dienst"	"Levensgebeurtenis_EenNieuweJobZoeken"	"{9BAB8338-DDCC-4182-8F25-9C87EBF9B582}"	""	"GebeurtenisType"	"{94C5EC1C-C21F-4cfd-B185-D6FA8C738793}"	""	""	"TODO"	"TODO"	""	"false"	"http://data.vlaanderen.be/ns/dienst/GebeurtenisType/"	"http://data.vlaanderen.be/ns/dienst/GebeurtenisType/Levensgebeurtenis_EenNieuweJobZoeken"	"http://www.w3.org/2004/02/skos/core#Concept"	""	""	""	""	""
"attribute"	"OSLO-Dienst"	"Levensgebeurtenis_OntslagenWordenOfOntslagNemen"	"{59385343-9DB9-40ec-8E85-11D53747B957}"	""	"GebeurtenisType"	"{94C5EC1C-C21F-4cfd-B185-D6FA8C738793}"	""	""	"TODO"	"TODO"	""	"false"	"http://data.vlaanderen.be/ns/dienst/GebeurtenisType/"	"http://data.vlaanderen.be/ns/dienst/GebeurtenisType/Levensgebeurtenis_OntslagenWordenOfOntslagNemen"	"http://www.w3.org/2004/02/skos/core#Concept"	""	""	""	""	""
"attribute"	"OSLO-Dienst"	"Levensgebeurtenis_EenWoningZoeken"	"{35355117-C15E-4c9c-BA35-A538C29E1E3A}"	""	"GebeurtenisType"	"{94C5EC1C-C21F-4cfd-B185-D6FA8C738793}"	""	""	"TODO"	"TODO"	""	"false"	"http://data.vlaanderen.be/ns/dienst/GebeurtenisType/"	"http://data.vlaanderen.be/ns/dienst/GebeurtenisType/Levensgebeurtenis_EenWoningZoeken"	"http://www.w3.org/2004/02/skos/core#Concept"	""	""	""	""	""
"attribute"	"OSLO-Dienst"	"Levensgebeurtenis_DeStatusvanZijnRelatieVeranderen"	"{A75B5FA5-1B60-411e-A997-67764CDFC200}"	""	"GebeurtenisType"	"{94C5EC1C-C21F-4cfd-B185-D6FA8C738793}"	""	""	"TODO"	"TODO"	""	"false"	"http://data.vlaanderen.be/ns/dienst/GebeurtenisType/"	"http://data.vlaanderen.be/ns/dienst/GebeurtenisType/Levensgebeurtenis_DeStatusvanZijnRelatieVeranderen"	"http://www.w3.org/2004/02/skos/core#Concept"	""	""	""	""	""
"attribute"	"OSLO-Dienst"	"Levensgebeurtenis_MetDeAutoBeginnenRijden"	"{5B9A3876-F3E4-4c19-A62C-F23721FE6C4D}"	""	"GebeurtenisType"	"{94C5EC1C-C21F-4cfd-B185-D6FA8C738793}"	""	""	"TODO"	"TODO"	""	"false"	"http://data.vlaanderen.be/ns/dienst/GebeurtenisType/"	"http://data.vlaanderen.be/ns/dienst/GebeurtenisType/Levensgebeurtenis_MetDeAutoBeginnenRijden"	"http://www.w3.org/2004/02/skos/core#Concept"	""	""	""	""	""
"attribute"	"OSLO-Dienst"	"Levensgebeurtenis_NaarHetBuitenlandReizen"	"{9C370A08-F888-4fdb-A280-20AE8A0F2345}"	""	"GebeurtenisType"	"{94C5EC1C-C21F-4cfd-B185-D6FA8C738793}"	""	""	"TODO"	"TODO"	""	"false"	"http://data.vlaanderen.be/ns/dienst/GebeurtenisType/"	"http://data.vlaanderen.be/ns/dienst/GebeurtenisType/Levensgebeurtenis_NaarHetBuitenlandReizen"	"http://www.w3.org/2004/02/skos/core#Concept"	""	""	""	""	""
"attribute"	"OSLO-Dienst"	"Levensgebeurtenis_HetLandVerlaten"	"{048213B9-273F-4846-8300-AA80A8E687CB}"	""	"GebeurtenisType"	"{94C5EC1C-C21F-4cfd-B185-D6FA8C738793}"	""	""	"TODO"	"TODO"	""	"false"	"http://data.vlaanderen.be/ns/dienst/GebeurtenisType/"	"http://data.vlaanderen.be/ns/dienst/GebeurtenisType/Levensgebeurtenis_HetLandVerlaten"	"http://www.w3.org/2004/02/skos/core#Concept"	""	""	""	""	""
"attribute"	"OSLO-Dienst"	"Levensgebeurtenis_InMilitaireDienstGaan"	"{9693D396-E5AA-4d30-B438-CB09FC1FA533}"	""	"GebeurtenisType"	"{94C5EC1C-C21F-4cfd-B185-D6FA8C738793}"	""	""	"TODO"	"TODO"	""	"false"	"http://data.vlaanderen.be/ns/dienst/GebeurtenisType/"	"http://data.vlaanderen.be/ns/dienst/GebeurtenisType/Levensgebeurtenis_InMilitaireDienstGaan"	"http://www.w3.org/2004/02/skos/core#Concept"	""	""	""	""	""
"attribute"	"OSLO-Dienst"	"Levensgebeurtenis_GeconfronteerdWordenMetEenNoodgevalOfEenGezondheidsprobleem"	"{5333465F-1A7F-4b47-80B4-7A40A30173D0}"	""	"GebeurtenisType"	"{94C5EC1C-C21F-4cfd-B185-D6FA8C738793}"	""	""	"TODO"	"TODO"	""	"false"	"http://data.vlaanderen.be/ns/dienst/GebeurtenisType/"	"http://data.vlaanderen.be/ns/dienst/GebeurtenisType/Levensgebeurtenis_GeconfronteerdWordenMetEenNoodgevalOfEenGezondheidsprobleem"	"http://www.w3.org/2004/02/skos/core#Concept"	""	""	""	""	""
"attribute"	"OSLO-Dienst"	"Levensgebeurtenis_GeconfronteerdWordenMetEenMisdaad"	"{2C603A4B-A49D-4ec1-8CC0-0C2F69DE76EA}"	""	"GebeurtenisType"	"{94C5EC1C-C21F-4cfd-B185-D6FA8C738793}"	""	""	"TODO"	"TODO"	""	"false"	"http://data.vlaanderen.be/ns/dienst/GebeurtenisType/"	"http://data.vlaanderen.be/ns/dienst/GebeurtenisType/Levensgebeurtenis_GeconfronteerdWordenMetEenMisdaad"	"http://www.w3.org/2004/02/skos/core#Concept"	""	""	""	""	""
"attribute"	"OSLO-Dienst"	"Levensgebeurtenis_OpPensioenGaan"	"{A8AD79AA-E174-451e-90F9-AAC06DD5BC4A}"	""	"GebeurtenisType"	"{94C5EC1C-C21F-4cfd-B185-D6FA8C738793}"	""	""	"TODO"	"TODO"	""	"false"	"http://data.vlaanderen.be/ns/dienst/GebeurtenisType/"	"http://data.vlaanderen.be/ns/dienst/GebeurtenisType/Levensgebeurtenis_OpPensioenGaan"	"http://www.w3.org/2004/02/skos/core#Concept"	""	""	""	""	""
"attribute"	"OSLO-Dienst"	"Levensgebeurtenis_DoodVanEenFamilielid"	"{AE0D24F3-6454-48b8-B802-5E70EA06AA96}"	""	"GebeurtenisType"	"{94C5EC1C-C21F-4cfd-B185-D6FA8C738793}"	""	""	"TODO"	"TODO"	""	"false"	"http://data.vlaanderen.be/ns/dienst/GebeurtenisType/"	"http://data.vlaanderen.be/ns/dienst/GebeurtenisType/Levensgebeurtenis_DoodVanEenFamilielid"	"http://www.w3.org/2004/02/skos/core#Concept"	""	""	""	""	""
"attribute"	"OSLO-Dienst"	"declaratie"	"{BEED8A2A-0242-4d7c-A174-5F55335090B2}"	""	"OutputType"	"{432A6CCC-6E0D-41d7-8DC0-F87A1F834EF4}"	""	""	"TODO"	"TODO"	""	"false"	"http://data.vlaanderen.be/ns/dienst/OutputType/"	"http://data.vlaanderen.be/ns/dienst/OutputType/declaratie"	"http://www.w3.org/2004/02/skos/core#Concept"	""	""	""	""	""
"attribute"	"OSLO-Dienst"	"fysiekObject"	"{53D7480F-A04F-4d5d-9B85-435EA90A5E91}"	""	"OutputType"	"{432A6CCC-6E0D-41d7-8DC0-F87A1F834EF4}"	""	""	"TODO"	"TODO"	""	"false"	"http://data.vlaanderen.be/ns/dienst/OutputType/"	"http://data.vlaanderen.be/ns/dienst/OutputType/fysiekObject"	"http://www.w3.org/2004/02/skos/core#Concept"	""	""	""	""	""
"attribute"	"OSLO-Dienst"	"code"	"{80A6DBE7-327B-4281-BAA9-37C22F4DAC5D}"	""	"OutputType"	"{432A6CCC-6E0D-41d7-8DC0-F87A1F834EF4}"	""	""	"TODO"	"TODO"	""	"false"	"http://data.vlaanderen.be/ns/dienst/OutputType/"	"http://data.vlaanderen.be/ns/dienst/OutputType/code"	"http://www.w3.org/2004/02/skos/core#Concept"	""	""	""	""	""
"attribute"	"OSLO-Dienst"	"financiëleVerplichting"	"{B46F10DB-7938-42e4-8783-76D1F4FA11C3}"	""	"OutputType"	"{432A6CCC-6E0D-41d7-8DC0-F87A1F834EF4}"	""	""	"TODO"	"TODO"	""	"false"	"http://data.vlaanderen.be/ns/dienst/OutputType/"	"http://data.vlaanderen.be/ns/dienst/OutputType/financiëleVerplichting"	"http://www.w3.org/2004/02/skos/core#Concept"	""	""	""	""	""
"attribute"	"OSLO-Dienst"	"financieelVoordeel"	"{70C9881C-3A5F-4696-9D60-FA7D0D67A90E}"	""	"OutputType"	"{432A6CCC-6E0D-41d7-8DC0-F87A1F834EF4}"	""	""	"TODO"	"TODO"	""	"false"	"http://data.vlaanderen.be/ns/dienst/OutputType/"	"http://data.vlaanderen.be/ns/dienst/OutputType/financieelVoordeel"	"http://www.w3.org/2004/02/skos/core#Concept"	""	""	""	""	""
"attribute"	"OSLO-Dienst"	"erkenning"	"{615287C9-B194-4fd2-AB42-9EE2BA3363E4}"	""	"OutputType"	"{432A6CCC-6E0D-41d7-8DC0-F87A1F834EF4}"	""	""	"TODO"	"TODO"	""	"false"	"http://data.vlaanderen.be/ns/dienst/OutputType/"	"http://data.vlaanderen.be/ns/dienst/OutputType/erkenning"	"http://www.w3.org/2004/02/skos/core#Concept"	""	""	""	""	""
"attribute"	"OSLO-Dienst"	"vergunning"	"{DD8C329F-C19A-4c60-A0D4-42818E18FDAC}"	""	"OutputType"	"{432A6CCC-6E0D-41d7-8DC0-F87A1F834EF4}"	""	""	"TODO"	"TODO"	""	"false"	"http://data.vlaanderen.be/ns/dienst/OutputType/"	"http://data.vlaanderen.be/ns/dienst/OutputType/vergunning"	"http://www.w3.org/2004/02/skos/core#Concept"	""	""	""	""	""
