"EA-Type"	"EA-Package"	"EA-Name"	"EA-GUID"	"EA-Parent"	"EA-Domain"	"EA-Domain-GUID"	"EA-Range"	"label-nl"	"ap-definition-nl"	"ap-usageNote-nl"	"ap-codelist"	"ap-label-nl"	"external term"	"namespace"	"localname"	"type"	"domain"	"range"	"parent"	"min card"	"max card"
"Package"	""	"OSLO-Organisatie"	"{0B8C91C2-590D-4a1a-8C3F-765658F182A3}"	""	""	""	""	""	""	""	""	""	""	"http://data.vlaanderen.be/ns/"	"organisatie"	"http://www.w3.org/2002/07/owl#Ontology"	""	""	""
"CLASS"	"OSLO-Organisatie"	"Vervanging"	"{23E07831-0974-4233-8231-CD9383FA9E4A}"	"Veranderingsgebeurtenis"	""	""	""	"Vervanging"	"TODO"	""	""	""	"false"	"http://data.vlaanderen.be/ns/organisatie#"	"Vervanging"	"http://www.w3.org/2000/01/rdf-schema#Class"	""	""	"http://www.w3.org/ns/org#ChangeEvent"
"CLASS"	"OSLO-Organisatie"	"Fusie"	"{C1481C6A-4EAE-44b4-949E-3A4D4E7DF48B}"	"Veranderingsgebeurtenis"	""	""	""	"Fusie"	"TODO"	""	""	""	"false"	"http://data.vlaanderen.be/ns/organisatie#"	"Fusie"	"http://www.w3.org/2000/01/rdf-schema#Class"	""	""	"http://www.w3.org/ns/org#ChangeEvent"
"CLASS"	"OSLO-Organisatie"	"Splitsing"	"{C99EE403-C5EC-4a8e-8889-1B5D39991295}"	"Veranderingsgebeurtenis"	""	""	""	"Splitsing"	"TODO"	""	""	""	"false"	"http://data.vlaanderen.be/ns/organisatie#"	"Splitsing"	"http://www.w3.org/2000/01/rdf-schema#Class"	""	""	"http://www.w3.org/ns/org#ChangeEvent"
"ENUMERATION"	"OSLO-Organisatie"	"Rechtstoestandtype"	"{8D04F9AA-F3BD-4ed2-80E1-CC2C52B1AE85}"	""	""	""	""	"TODO"	"TODO"	""	""	""	"false"	"http://data.vlaanderen.be/ns/organisatie#"	"Rechtstoestandtype"	"http://www.w3.org/2000/01/rdf-schema#Class"	""	""	""
"ENUMERATION"	"OSLO-Organisatie"	"Rechtsvormtype"	"{ADC96F89-3424-4c73-BC6F-B3337DC0AE07}"	""	""	""	""	"TODO"	"TODO"	""	""	""	"false"	"http://data.vlaanderen.be/ns/organisatie#"	"Rechtsvormtype"	"http://www.w3.org/2000/01/rdf-schema#Class"	""	""	""
"ENUMERATION"	"OSLO-Organisatie"	"StopzettingType"	"{6D8E42C9-AD88-43bc-98A1-619C9AAC6E54}"	""	""	""	""	"TODO"	"TODO"	""	""	""	"true"	"http://www.w3.org/2004/02/skos/core#"	"Concept"	"http://www.w3.org/2000/01/rdf-schema#Class"	""	""	""
"ENUMERATION"	"OSLO-Generiek"	"ATU"	"{78F0AB63-CAFF-4e7d-9E7B-070BB6A5E0E6}"	""	""	""	""	"TODO"	"TODO"	""	""	""	"true"	"http://www.w3.org/2004/02/skos/core#"	"Concept"	"http://www.w3.org/2000/01/rdf-schema#Class"	""	""	""
"ENUMERATION"	"OSLO-Organisatie"	"OrganisatieType"	"{AF1B8EEF-5857-4bdf-8CDA-812FC1A52DEF}"	""	""	""	""	"TODO"	"TODO"	""	""	""	"false"	"http://data.vlaanderen.be/ns/organisatie#"	"OrganisatieType"	"http://www.w3.org/2000/01/rdf-schema#Class"	""	""	""
"ENUMERATION"	"OSLO-Organisatie"	"OrganisatieStatus"	"{0D715D5D-DC51-4ec5-A70E-E4139EB4BAB7}"	""	""	""	""	"TODO"	"TODO"	""	""	""	"false"	"http://data.vlaanderen.be/ns/organisatie#"	"OrganisatieStatus"	"http://www.w3.org/2000/01/rdf-schema#Class"	""	""	""
"ENUMERATION"	"OSLO-Organisatie"	"Rechtspersoonlijkheidtype"	"{0CACCA69-C4B0-4e2e-A05C-7A64D59C8C39}"	""	""	""	""	"TODO"	"TODO"	""	""	""	"false"	"http://data.vlaanderen.be/ns/organisatie#"	"Rechtspersoonlijkheidtype"	"http://www.w3.org/2000/01/rdf-schema#Class"	""	""	""
"ENUMERATION"	"OSLO-Organisatie"	"OrganisatieClassificatie"	"{A269CF1D-33D8-4e6c-A82E-23519FF6E672}"	""	""	""	""	"TODO"	"TODO"	""	""	""	"false"	"http://data.vlaanderen.be/ns/organisatie#"	"OrganisatieClassificatie"	"http://www.w3.org/2000/01/rdf-schema#Class"	""	""	""
"ENUMERATION"	"OSLO-Organisatie"	"OrganisatieActiviteit"	"{B27465EB-F5D3-4205-ABAE-2CB3783B43C2}"	""	""	""	""	"TODO"	"TODO"	""	""	""	"false"	"http://data.vlaanderen.be/ns/organisatie#"	"OrganisatieActiviteit"	"http://www.w3.org/2000/01/rdf-schema#Class"	""	""	""
"ENUMERATION"	"OSLO-Organisatie"	"Rol"	"{BB56784D-A0A7-4a2f-94EC-25093B279416}"	""	""	""	""	"Rol"	"Rol die een Agent kan vervullen binnen een Organisatie."	"Kan een rol zijn ihkv een Lidmaatschap of ihkv een Functie."	""	""	"true"	"https://www.w3.org/TR/vocab-org/#org:"	"Role"	"http://www.w3.org/2000/01/rdf-schema#Class"	""	""	""
"CLASS"	"OSLO-Organisatie"	"Hoedanigheid"	"{46E6DC3E-A5CB-4ca6-9587-5FEF8154D7E6}"	"Positie, Agent"	""	""	""	"Hoedanigheid"	"Agent met een Functie."	"Laat een Functie toe om te handelen,bv ihkv een Dienstverlening (bv diversiteitsplan wordt opgemaakt door diversieteitsambtenaar)."	""	""	"false"	"http://data.vlaanderen.be/ns/organisatie#"	"Hoedanigheid"	"http://www.w3.org/2000/01/rdf-schema#Class"	""	""	"http://www.w3.org/ns/org#Post, http://purl.org/dc/terms/Agent"
"CLASS"	"OSLO-Organisatie"	"Positie"	"{97907BC4-9B44-4b3f-9AFF-7CB676E0E999}"	""	""	""	""	"Functie"	"Positie binnen een Organisatie,kan bestaan los vd persoon of personen die ze invult."	"Laat ook toe om ambsthalve posities weer te geven. Zo is een minister automatisch lid vd regering,ongeacht door welke persoon deze Functie wordt uitgeoefend."	""	""	"true"	"http://www.w3.org/ns/org#"	"Post"	"http://www.w3.org/2000/01/rdf-schema#Class"	""	""	""
"DATATYPE"	"OSLO-Generiek"	"ContactInfo"	"{F0E40CE4-E027-49e4-8F0F-DAD715001D82}"	""	""	""	""	"Contactpunt"	"TODO"	""	""	""	"true"	"https://schema.org/"	"ContactPoint"	"http://www.w3.org/2000/01/rdf-schema#Class"	""	""	""
"CLASS"	"OSLO-Generiek"	"FormeelKader"	"{38ADE2C3-901F-45ec-9191-2A5A00B8CDF4}"	""	""	""	""	"Formeel Kader"	"TODO"	""	""	""	"true"	"http://purl.org/vocab/cpsv#"	"FormalFramework"	"http://www.w3.org/2000/01/rdf-schema#Class"	""	""	""
"CLASS"	"OSLO-Organisatie"	"Stopzetting"	"{68AE21F7-9E83-42cd-A259-D10854F64167}"	"Veranderingsgebeurtenis"	""	""	""	"Stopzetting"	"Gebeurtenis waarbij de Organisatie is stopgezet."	""	""	""	"false"	"http://data.vlaanderen.be/ns/organisatie#"	"Stopzetting"	"http://www.w3.org/2000/01/rdf-schema#Class"	""	""	"http://www.w3.org/ns/org#ChangeEvent"
"CLASS"	"OSLO-Organisatie"	"Oprichting"	"{4F714915-C168-4b5f-9478-38B09387C216}"	"Veranderingsgebeurtenis"	""	""	""	"Oprichting"	"Gebeurtenis waarbij een Organisatie is opgericht."	""	""	""	"true"	"http://data.europa.eu/m8g/"	"FoundationEvent"	"http://www.w3.org/2000/01/rdf-schema#Class"	""	""	"http://www.w3.org/ns/org#ChangeEvent"
"CLASS"	"OSLO-Organisatie"	"PubliekeOrganisatie"	"{8B88F932-5B50-4f78-B007-4FFDAF7C25DF}"	"Organisatie"	""	""	""	"Publieke Organisatie"	"Een Organisatie die volgens een wettelijk kader behoort tot de publieke sector,ongeacht het bestuursniveau waarop dat kader van kracht is."	"De overheids- en semioverheidsorganisaties die tot men zo tot de publieke sector kan rekenen worden in Europese richtlijn 2003/98/EG ""openbaar lichaam"" genoemd en gedefinieerd als: ""de staat, zijn territoriale lichamen, publiekrechtelijke instellingen, en verenigingen gevormd door een of meer van deze lichamen of een of meer van deze publiekrechtelijke instellingen"". En onder een publiekrechtelijke instelling verstaat men "" iedere instelling die a) is opgericht met het specifieke doel te voorzien in behoeften van algemeen belang die niet van industriële of commerciële aard zijn, en b) rechtspersoonlijkheid heeft, en c) waarvan hetzij de activiteiten in hoofdzaak door de staat of zijn territoriale lichamen of andere publiekrechtelijke instellingen worden gefinancierd, hetzij het beheer is onderworpen aan toezicht door deze laatste, hetzij de leden van het bestuursorgaan, het leidinggevend orgaan of het toezichthoudend orgaan voor meer dan de helft door de staat, zijn territoriale lichamen of andere publiekrechtelijke instellingen zijn aangewezen."".
"	""	""	"true"	"http://data.europa.eu/m8g/"	"PublicOrganisation"	"http://www.w3.org/2000/01/rdf-schema#Class"	""	""	"http://www.w3.org/ns/org#Organization"
"CLASS"	"OSLO-Organisatie"	"GeregistreerdeOrganisatie"	"{A669D638-4AA0-4aa3-A3B1-EA232A87155C}"	"FormeleOrganisatie"	""	""	""	"Geregistreerde Organisatie"	"Organisatie met een juridisch statuut vastgelegd door registratie. Vergelijk met Formele Organisatie waarbij dit statuut ook op een andere manier verkregen kan zijn."	"In België moeten oa volgende organisaties zich registreren: vennootschap (nv,bvba etc),eenmanszaak,overheidsorgaan,stichting Bij registratie krijgt de organisatie een ondernemingsnummer en worden zijn gegevens ingevoerd in de KBO."	""	""	"true"	"http://www.w3.org/ns/regorg#"	"RegisteredOrganization"	"http://www.w3.org/2000/01/rdf-schema#Class"	""	""	"http://www.w3.org/ns/org#FormalOrganization"
"CLASS"	"OSLO-Organisatie"	"Samenwerkingsverband"	"{8C93A677-5C27-469b-A512-B40C1670D479}"	"Organisatie"	""	""	""	"Organisationele Samenwerking"	"Samenwerking tussen twee of meer Organisaties bv ihkv een project."	"Is normaal gezien geen Formele Organisatie en ook geen Organisatie-eenheid. Heeft doorgaans een kortere levensduur dan de Organisaties in het verband. Alternatieve benamingen: project,consortium."	""	""	"true"	"http://www.w3.org/ns/org#"	"OrganizationalCollaboration"	"http://www.w3.org/2000/01/rdf-schema#Class"	""	""	"http://www.w3.org/ns/org#Organization"
"CLASS"	"OSLO-Organisatie"	"Veranderingsgebeurtenis"	"{4D5ED623-57FF-4c2c-8EA7-04056B3BEF34}"	""	""	""	""	"Veranderingsgebeurtenis"	"Gebeurtenis waardoor een Organisatie een belangrijke wijziging ondergaat zoals een fusie of een herstructurering."	"Is bedoeld voor situaties waarbij de de resulterende Organisatie zodanig verschilt van de oorspronkelijke dat ze beschouwd kan worden als een nieuwe Organisatie."	""	""	"true"	"http://www.w3.org/ns/org#"	"ChangeEvent"	"http://www.w3.org/2000/01/rdf-schema#Class"	""	""	""
"CLASS"	"OSLO-Persoon"	"Persoon"	"{2B3A5DF8-8EC5-49cb-97BC-9B828DE0017E}"	"Agent"	""	""	""	"Persoon"	"TODO"	"In de rechtspraak betreft het een persoon (in de wettelijke betekenis, ttz met eigen rechtspersoonlijkheid) van de menselijke soort, ttz een fysiek persoon. Tegenhanger is de rechtspersoon, een juridische constructie die een private of publieke Organisatie dezelfde rechtspersoonlijkheid geeft als een natuurlijk persoon (kan bv ook schulden hebben, contracten afsluiten, aangeklaagd worden etc)."	""	""	"true"	"http://www.w3.org/ns/person#"	"Person"	"http://www.w3.org/2000/01/rdf-schema#Class"	""	""	"http://purl.org/dc/terms/Agent"
"CLASS"	"OSLO-Adres"	"Adres"	"{B73D535A-A617-4ed7-AF99-91CEF4C25B66}"	""	""	""	""	"Belgisch Adres"	"TODO"	""	""	""	"true"	"http://data.vlaanderen.be/ns/adres#"	"Adres"	"http://www.w3.org/2000/01/rdf-schema#Class"	""	""	""
"CLASS"	"OSLO-Adres"	"AdresseerbaarObject"	"{88027556-CA4D-4a46-A8F7-D1F093D4EDAF}"	""	""	""	""	"Adresseerbaar Object"	"TODO"	""	""	""	"true"	"http://data.vlaanderen.be/ns/adres#"	"AdresseerbaarObject"	"http://www.w3.org/2000/01/rdf-schema#Class"	""	""	""
"CLASS"	"OSLO-Organisatie"	"Vestiging"	"{F83BDE35-806F-4b49-A2C4-54B93C0D8C1B}"	""	""	""	""	"Vestiging"	"Een kantoor of ander pand waar een Organisatie gevestigd is. Organisaties kunnen over meerdere vestigingen verspreid zijn en vestigingen kunnen op meerdere locaties slaan."	"Meestal zal de Vestiging een fysieke locatie zijn. Niet-fysieke locaties worden echter niet uitgesloten,bv een virtueel kantoor met bijbehorend postnummer en telefonische receptie."	""	""	"true"	"http://www.w3.org/ns/org#"	"Site"	"http://www.w3.org/2000/01/rdf-schema#Class"	""	""	""
"CLASS"	"OSLO-Organisatie"	"Lidmaatschap"	"{F914932C-110F-44bc-906C-B4A569D79F9A}"	""	""	""	""	"Lidmaatschap"	"Geeft de kenmerken weer vh lidmaatschap van een Agent van een Organisatie."	""	""	""	"true"	"http://www.w3.org/ns/org#"	"Membership"	"http://www.w3.org/2000/01/rdf-schema#Class"	""	""	""
"CLASS"	"OSLO-Generiek"	"Agent"	"{5A93D032-9A74-4fbe-A6DC-D071AEBB69D3}"	""	""	""	""	"TODO"	"TODO"	""	""	""	"true"	"http://purl.org/dc/terms/"	"Agent"	"http://www.w3.org/2000/01/rdf-schema#Class"	""	""	""
"CLASS"	"OSLO-Organisatie"	"FormeleOrganisatie"	"{EA0559F8-306C-42e6-85DC-53B50796F729}"	"Organisatie"	""	""	""	"Formele Organisatie"	"Een erkende Organisatie,erkend in brede zin of  meer specifiek in juridische zin met bijbehorende rechten en plichten."	"Bvb een bedrijf,een vzw,een overheidsorgaan,een kerkgemeenschap."	""	""	"true"	"http://www.w3.org/ns/org#"	"FormalOrganization"	"http://www.w3.org/2000/01/rdf-schema#Class"	""	""	"http://www.w3.org/ns/org#Organization"
"CLASS"	"OSLO-Organisatie"	"OrganisatieEenheid"	"{427768FA-8604-401e-9C52-F7E339F487AF}"	"Organisatie"	""	""	""	"Organisationele Eenheid"	"Een Organisatie zoals een afdeling of dienst die deel uitmaakt van de grotere Organisatie en zijn bestaansreden daaraan ontleent. Heeft geen juridische status op zich."	"Organisatie-eenheden kunnen groot en complex zijn en bestaan uit andere Organisatie-eenheden."	""	""	"true"	"http://www.w3.org/ns/org#"	"OrganizationalUnit"	"http://www.w3.org/2000/01/rdf-schema#Class"	""	""	"http://www.w3.org/ns/org#Organization"
"CLASS"	"OSLO-Organisatie"	"Organisatie"	"{6728B11D-A64D-4fd1-B5DF-555EBE11A20B}"	"Agent"	""	""	""	"Organisatie"	"Een aantal mensen georganiseerd in een gemeenschap of andere sociale, commerciële of politieke structuur. De groep heeft een gemeenschappelijk doel of bestaanreden die de individuele leden ervan overstijgt en kan handelen als Agent. Een organisatie heeft dikwijls een hiërarchische structuur."	""	""	""	"true"	"http://www.w3.org/ns/org#"	"Organization"	"http://www.w3.org/2000/01/rdf-schema#Class"	""	""	"http://purl.org/dc/terms/Agent"
"connector"	""	"rapporteertAan"	"{735E9955-49E9-4346-9731-E80EFDF37F85}"	""	"Agent"	"{5A93D032-9A74-4fbe-A6DC-D071AEBB69D3}"	"Agent"	"rapporteert aan"	"Verwijst naar de Agent waaraan de Agent verantwoording aflegt."	"Gecombineerd met Positie rapporteertAan-Positie kan het organogram vd Organisatie gedocumenteerd worden. "	""	""	"true"	"https://www.w3.org/ns/org#"	"reportsTo"	"http://www.w3.org/2002/07/owl#ObjectProperty"	"http://purl.org/dc/terms/Agent"	"http://purl.org/dc/terms/Agent"	""	"0"	"*"
"connector"	""	"heeftResulterendeOrganisatie"	"{CCF8E84B-E3FB-49eb-B96D-DA90181664C4}"	""	"Veranderingsgebeurtenis"	"{4D5ED623-57FF-4c2c-8EA7-04056B3BEF34}"	"Organisatie"	"resulterende organisatie"	"TODO"	""	""	""	"true"	"http://www.w3.org/ns/org#"	"resultingOrganization"	"http://www.w3.org/2002/07/owl#ObjectProperty"	"http://www.w3.org/ns/org#ChangeEvent"	"http://www.w3.org/ns/org#Organization"	""	""	""
"connector"	""	"isPositieIn"	"{C23C5976-7033-45c9-91EC-4DCE70619489}"	""	"Positie"	"{97907BC4-9B44-4b3f-9AFF-7CB676E0E999}"	"Organisatie"	"positie bij"	"Organisatie waar de Positie bestaat."	""	""	""	"true"	"http://www.w3.org/ns/org#"	"postIn"	"http://www.w3.org/2002/07/owl#ObjectProperty"	"http://www.w3.org/ns/org#Post"	"http://www.w3.org/ns/org#Organization"	""	"0"	"*"
"connector"	""	"vindtPlaatsBinnen"	"{2E663855-5751-4155-A894-F10C4F8435E0}"	""	"Veranderingsgebeurtenis"	"{4D5ED623-57FF-4c2c-8EA7-04056B3BEF34}"	"FormeelKader"	"heeft formeel kader"	"Verwijst naar het Formeel Kader dat tot het Veranderingsmoment heeft geleid."	"Indien het Veranderingsmoment betrekking heeft op het oprichten van een Publieke Organisatie is dit attribuut verplicht. Dit wordt uitgedrukt dmv de constraint verplichtIndienOprichtingPubliekeOrganisatie."	""	"vindt plaats binnen"	"true"	"http://data.europa.eu/m8g/"	"hasFormalFramework"	"http://www.w3.org/2002/07/owl#ObjectProperty"	"http://www.w3.org/ns/org#ChangeEvent"	"http://purl.org/vocab/cpsv#FormalFramework"	""	"0"	"*"
"connector"	""	"heeftGeregistreerdeVestiging"	"{EB554B6F-BCE3-43ac-9E78-5CE487F07BC8}"	""	"Organisatie"	"{6728B11D-A64D-4fd1-B5DF-555EBE11A20B}"	"Vestiging"	"heeft geregistreerde vestiging"	"Verwijst naar de wettelijk geregistreerde Vestiging van de Organisatie. Is voor een Formele Organisatie doorgaans verplicht."	"In België verplicht voor een Geregestreerde Organisatie en geregistreerd in de KBO."	""	""	"true"	"http://www.w3.org/ns/org#"	"hasRegisteredSite"	"http://www.w3.org/2002/07/owl#ObjectProperty"	"http://www.w3.org/ns/org#Organization"	"http://www.w3.org/ns/org#Site"	""	"0"	"*"
"connector"	""	"heeftEenheid"	"{460D86AB-07EE-4d3b-BF74-81CDD2605DAF}"	""	"Organisatie"	"{6728B11D-A64D-4fd1-B5DF-555EBE11A20B}"	"OrganisatieEenheid"	"heeft eenheid"	"Verwijst naar een Organisatie-eenheid die deel uitmaakt van de Organisatie, bv een afdeling."	""	""	""	"true"	"http://www.w3.org/ns/org#"	"hasUnit"	"http://www.w3.org/2002/07/owl#ObjectProperty"	"http://www.w3.org/ns/org#Organization"	"http://www.w3.org/ns/org#OrganizationalUnit"	""	"0"	"*"
"connector"	""	"isLidVan"	"{160BCAA3-5B47-4c7f-A567-F717E8304E2A}"	""	"Agent"	"{5A93D032-9A74-4fbe-A6DC-D071AEBB69D3}"	"Organisatie"	"lid van"	"Niet nader bepaald lidmaatschap van een Agent van een Organisatie."	"Dekt elk type aansluiting of betrokkenheid van een Agent bij een Organisatie, niet enkel formeel lidmaatschap. Kan eventueel verder gespecialiseerd worden."	""	""	"true"	"http://www.w3.org/ns/org#"	"memberOf"	"http://www.w3.org/2002/07/owl#ObjectProperty"	"http://purl.org/dc/terms/Agent"	"http://www.w3.org/ns/org#Organization"	""	"0"	"*"
"connector"	""	"isGeassocieerdMet"	"{63F18CB0-4521-4689-9C3A-73B6E0D4CDFD}"	""	"Organisatie"	"{6728B11D-A64D-4fd1-B5DF-555EBE11A20B}"	"Organisatie"	"gelinkt met"	"Niet nader bepaalde relatie met een andere Organisatie."	"Bv om subsidiëring of bevooradingsketens te documenteren. Dient in dat geval verder gespecialiseerd te worden."	""	""	"true"	"http://www.w3.org/ns/org#"	"linkedTo"	"http://www.w3.org/2002/07/owl#ObjectProperty"	"http://www.w3.org/ns/org#Organization"	"http://www.w3.org/ns/org#Organization"	""	""	""
"connector"	""	"isToegekendAan"	"{65D4767A-3D9D-49f7-B07C-D84F33F43583}"	""	"Adres"	"{B73D535A-A617-4ed7-AF99-91CEF4C25B66}"	"AdresseerbaarObject"	"is toegekend aan"	"TODO"	""	""	""	"true"	"http://data.vlaanderen.be/ns/adres#"	"isToegekendAan"	"http://www.w3.org/2002/07/owl#ObjectProperty"	"http://data.vlaanderen.be/ns/adres#Adres"	"http://data.vlaanderen.be/ns/adres#AdresseerbaarObject"	""	""	""
"connector"	""	"bestaatUit"	"{F01C8190-B233-438e-A92B-9EE0B2054F30}"	""	"Vestiging"	"{F83BDE35-806F-4b49-A2C4-54B93C0D8C1B}"	"AdresseerbaarObject"	"bestaat uit"	"Adresseerbaar Object dat met de Vestiging overeenstemt."	""	""	""	"false"	"http://data.vlaanderen.be/ns/organisatie#"	"bestaatUit"	"http://www.w3.org/2002/07/owl#ObjectProperty"	"http://www.w3.org/ns/org#Site"	"http://data.vlaanderen.be/ns/adres#AdresseerbaarObject"	""	"0"	"*"
"connector"	""	"heeftOorspronkelijkeOrganisatie"	"{A6BC53AF-91BB-42a6-938B-0019B5A3754C}"	""	"Veranderingsgebeurtenis"	"{4D5ED623-57FF-4c2c-8EA7-04056B3BEF34}"	"Organisatie"	"originele organisatie"	"TODO"	""	""	""	"true"	"http://www.w3.org/ns/org#"	"originalOrganization"	"http://www.w3.org/2002/07/owl#ObjectProperty"	"http://www.w3.org/ns/org#ChangeEvent"	"http://www.w3.org/ns/org#Organization"	""	""	""
"connector"	""	"isHoofdVan"	"{30914984-5BBE-451c-BEDC-E3E8A43A70D1}"	""	"Agent"	"{5A93D032-9A74-4fbe-A6DC-D071AEBB69D3}"	"Organisatie"	"hoofd van"	"Verwijst naar de Organisatie waaraan een Agent aan het hoofd staat of leiding geeft."	""	""	""	"true"	"http://www.w3.org/ns/org#"	"headOf"	"http://www.w3.org/2002/07/owl#ObjectProperty"	"http://purl.org/dc/terms/Agent"	"http://www.w3.org/ns/org#Organization"	""	"0"	"*"
"connector"	""	"isHetResultaatVan"	"{EF0E223F-70B7-41c0-91BE-B563E2149184}"	""	"Organisatie"	"{6728B11D-A64D-4fd1-B5DF-555EBE11A20B}"	"Veranderingsgebeurtenis"	"geresulteerd van"	"Verwijst naar het Veranderingsmoment dat tot de huidige Organisatie heeft geleid."	"Voor een Publieke Organisatie is een verwijzing naar een Veranderingsmoment vh type Oprichting verplicht. Dit wordt uitgedrukt dmv de constraint verplichtIndienPubliekeOrganisatie. Merk op dat deze relatie zinloos is als het Veranderingsmoment een Stopzetting is (de Organisatie kan niet het resultaat zijn van zijn eigen stopzetting)."	""	""	"true"	"http://www.w3.org/ns/org#"	"resultedFrom"	"http://www.w3.org/2002/07/owl#ObjectProperty"	"http://www.w3.org/ns/org#Organization"	"http://www.w3.org/ns/org#ChangeEvent"	""	"0"	"*"
"connector"	""	"isEenheidVan"	"{5E0C4A1F-0B49-48c2-AC2F-05051EADABDE}"	""	"OrganisatieEenheid"	"{427768FA-8604-401e-9C52-F7E339F487AF}"	"Organisatie"	"eenheid van"	"TODO"	""	""	""	"true"	"http://www.w3.org/ns/org#"	"unitOf"	"http://www.w3.org/2002/07/owl#ObjectProperty"	"http://www.w3.org/ns/org#OrganizationalUnit"	"http://www.w3.org/ns/org#Organization"	""	""	""
"connector"	""	"heeftVestiging"	"{5105190F-1B55-45e0-B390-E7B1859C9972}"	""	"Organisatie"	"{6728B11D-A64D-4fd1-B5DF-555EBE11A20B}"	"Vestiging"	"heeft vestiging"	"Verwijst naar een plek waar de Organisatie op een of andere manier, desnoods indirect, aanwezig is."	"Indirect bvb een virtueel kantoor waarvan de locatie niet rechtstreeks achterhaald kan worden (bv postbus). In België mogen in de KBO geregistreerde organisaties enkel fysieke locaties als vestiging registreren."	""	""	"true"	"http://www.w3.org/ns/org#"	"hasSite"	"http://www.w3.org/2002/07/owl#ObjectProperty"	"http://www.w3.org/ns/org#Organization"	"http://www.w3.org/ns/org#Site"	""	"0"	"*"
"connector"	""	"isVeranderdDoor"	"{177BB695-F2F2-45b9-ADD2-413F59818D4A}"	""	"Organisatie"	"{6728B11D-A64D-4fd1-B5DF-555EBE11A20B}"	"Veranderingsgebeurtenis"	"veranderd door"	"Verwijst naar het Veranderingsmoment dat deze Organisatie heeft veranderd."	"Als het Veranderingsmoment bv een Stopzetting is hield de Organisatie daarna op met bestaan.  Merk op dat deze relatie zinloos is als het Veranderingsmoment een Oprichting is (de Organisatie bestond nog niet en kan dus niet veranderd zijn tgv de Oprichting)."	""	""	"true"	"http://www.w3.org/ns/org#"	"changedBy"	"http://www.w3.org/2002/07/owl#ObjectProperty"	"http://www.w3.org/ns/org#Organization"	"http://www.w3.org/ns/org#ChangeEvent"	""	"0"	"*"
"connector"	""	"heeft"	"{74711272-C9AC-4bcb-AD77-6523FA626FC7}"	""	"Organisatie"	"{6728B11D-A64D-4fd1-B5DF-555EBE11A20B}"	"Positie"	"heeft positie"	"Verwijst naar een Positie in de organisatie."	""	""	""	"true"	"http://www.w3.org/ns/org#"	"hasPost"	"http://www.w3.org/2002/07/owl#ObjectProperty"	"http://www.w3.org/ns/org#Organization"	"http://www.w3.org/ns/org#Post"	""	"0"	"*"
"connector"	""	"heeftSuborganisatie"	"{8875DFCA-3246-4ec0-A3B8-64A5427731DB}"	""	"Organisatie"	"{6728B11D-A64D-4fd1-B5DF-555EBE11A20B}"	"Organisatie"	"heeft suborganisatie"	"TODO"	""	""	""	"true"	"http://www.w3.org/ns/org#"	"hasSubOrganization"	"http://www.w3.org/2002/07/owl#ObjectProperty"	"http://www.w3.org/ns/org#Organization"	"http://www.w3.org/ns/org#Organization"	""	""	""
"connector"	""	"isLidVan"	"{3A60A5E4-BDE0-493e-94C5-98E69342B7B9}"	""	"Agent"	"{5A93D032-9A74-4fbe-A6DC-D071AEBB69D3}"	"Lidmaatschap"	"heeft"	"TODO"	""	""	""	"true"	"http://www.w3.org/ns/org#"	"hasMembership"	"http://www.w3.org/2002/07/owl#ObjectProperty"	"http://purl.org/dc/terms/Agent"	"http://www.w3.org/ns/org#Membership"	""	""	""
"connector"	""	"isLidVan"	"{3A60A5E4-BDE0-493e-94C5-98E69342B7B9}"	""	"Lidmaatschap"	"{F914932C-110F-44bc-906C-B4A569D79F9A}"	"Agent"	"lid"	"TODO"	""	""	""	"true"	"http://www.w3.org/ns/org#"	"member"	"http://www.w3.org/2002/07/owl#ObjectProperty"	"http://www.w3.org/ns/org#Membership"	"http://purl.org/dc/terms/Agent"	""	"0"	"*"
"connector"	""	"isLidVan"	"{3A60A5E4-BDE0-493e-94C5-98E69342B7B9}"	""	"Lidmaatschap"	"{F914932C-110F-44bc-906C-B4A569D79F9A}"	"Organisatie"	"is lidmaatschap bij"	"TODO"	""	""	""	"true"	"http://www.w3.org/ns/org#"	"organization"	"http://www.w3.org/2002/07/owl#ObjectProperty"	"http://www.w3.org/ns/org#Membership"	"http://www.w3.org/ns/org#Organization"	""	"0"	"*"
"connector"	""	"heeftGeregistreerdeOrganisatie"	"{8E3DAF6D-5E45-4a96-AD53-BFAF7AAAFC5C}"	""	"Agent"	"{5A93D032-9A74-4fbe-A6DC-D071AEBB69D3}"	"GeregistreerdeOrganisatie"	"heeft geregistreerde organisatie"	"Verwijst naar de Geregistreerde Organisatie waarmee de Agent geassocieerd is."	"Bvb een eenmanszaak die door een natuurlijk persoon wordt uitgebaat of een niet-geregistreerde Organisatie die meerdere Geregistreerde Organisaties omvat."	""	""	"true"	"http://www.w3.org/ns/regorg#"	"hasRegisteredOrganization"	"http://www.w3.org/2002/07/owl#ObjectProperty"	"http://purl.org/dc/terms/Agent"	"http://www.w3.org/ns/regorg#RegisteredOrganization"	""	"0"	"*"
"connector"	""	"wordtIngevuldDoor"	"{1EBC557D-CC93-4f52-A47F-01B73F081307}"	""	"Positie"	"{97907BC4-9B44-4b3f-9AFF-7CB676E0E999}"	"Agent"	"ingevuld door"	"TODO"	""	""	""	"true"	"http://www.w3.org/ns/org#"	"heldBy"	"http://www.w3.org/2002/07/owl#ObjectProperty"	"http://www.w3.org/ns/org#Post"	"http://purl.org/dc/terms/Agent"	""	""	""
"connector"	""	"houdt"	"{6529D4C3-131D-4fc0-8729-FCA7FA79716C}"	""	"Agent"	"{5A93D032-9A74-4fbe-A6DC-D071AEBB69D3}"	"Positie"	"houdt"	"TODO"	""	""	""	"true"	"http://www.w3.org/ns/org#"	"holds"	"http://www.w3.org/2002/07/owl#ObjectProperty"	"http://purl.org/dc/terms/Agent"	"http://www.w3.org/ns/org#Post"	""	"0"	"*"
"connector"	""	"heeftPrimaireVestiging"	"{E420DF5F-F49E-4e7f-B971-F609211C6E22}"	""	"Organisatie"	"{6728B11D-A64D-4fd1-B5DF-555EBE11A20B}"	"Vestiging"	"heeft primaire vestiging"	"Verwijst naar de belangrijkste Vestiging van de organisatie, niet noodzakelijk het formele hoofdkwartier maar wel de Vestiging waarop de Organisatie standaard kan worden gecontacteerd."	""	""	""	"true"	"http://www.w3.org/ns/org#"	"hasPrimarySite"	"http://www.w3.org/2002/07/owl#ObjectProperty"	"http://www.w3.org/ns/org#Organization"	"http://www.w3.org/ns/org#Site"	""	"0"	"*"
"connector"	""	"isSuborganisatieVan"	"{4E8D3085-D773-474c-89F0-8C197AAEA199}"	""	"Organisatie"	"{6728B11D-A64D-4fd1-B5DF-555EBE11A20B}"	"Organisatie"	"suborganisatie van"	"Verwijst naar de Organisatie die deze Organisatie omvat."	"Wordt gebruikt om een hiërarchie van organisaties te documenteren."	""	""	"true"	"http://www.w3.org/ns/org#"	"subOrganizationOf"	"http://www.w3.org/2002/07/owl#ObjectProperty"	"http://www.w3.org/ns/org#Organization"	"http://www.w3.org/ns/org#Organization"	""	"0"	"*"
"connector"	""	"rapporteertAan"	"{EAD9EDF3-7CB4-44ff-A8D1-A2AB3991C7C1}"	""	"Positie"	"{97907BC4-9B44-4b3f-9AFF-7CB676E0E999}"	"Positie"	"rapporteert aan"	"Verwijst naar de Positie waaraan de Functie verantwoording aflegt."	"Gecombineerd met Agent-rapporteertAan-Agent kan het organogram vd Organisatie gedocumenteerd worden. "	""	""	"true"	"http://www.w3.org/ns/org#"	"reportsTo"	"http://www.w3.org/2002/07/owl#ObjectProperty"	"http://www.w3.org/ns/org#Post"	"http://www.w3.org/ns/org#Post"	""	"0"	"*"
"attribute"	"OSLO-Organisatie"	"isTeBereikenOp"	"{BFE70AC3-A661-4f30-B7A9-F40D216801BF}"	""	"Hoedanigheid"	"{46E6DC3E-A5CB-4ca6-9587-5FEF8154D7E6}"	"ContactInfo"	"contactinfo"	"TODO"	""	""	""	"false"	"http://data.vlaanderen.be/ns/organisatie#"	"isTeBereikenOp"	"http://www.w3.org/2002/07/owl#ObjectProperty"	"http://data.vlaanderen.be/ns/organisatie#Hoedanigheid"	"https://schema.org/ContactPoint"	""	"1"	"1"
"attribute"	"OSLO-Organisatie"	"rol"	"{4EB0C73E-3C0B-4832-BAC7-A39C75359955}"	""	"Positie"	"{97907BC4-9B44-4b3f-9AFF-7CB676E0E999}"	"Rol"	"rol"	"Geeft de aard weer vd Functie."	""	""	""	"true"	"http://www.w3.org/ns/org#"	"role"	"http://www.w3.org/2002/07/owl#ObjectProperty"	"http://www.w3.org/ns/org#Post"	"https://www.w3.org/TR/vocab-org/#org:Role"	""	"1"	"1"
"attribute"	"OSLO-Generiek"	"aanschrijfvorm"	"{F0E41CB5-FD0D-46ba-B08B-BC9BB81668C9}"	""	"ContactInfo"	"{F0E40CE4-E027-49e4-8F0F-DAD715001D82}"	"String"	"aanschrijfprefix"	"TODO"	""	""	""	"true"	"http://ww.w3.org/2006/vcard/ns#"	"honorific-prefix"	"http://www.w3.org/2002/07/owl#DatatypeProperty"	"https://schema.org/ContactPoint"	"http://www.w3.org/2000/01/rdf-schema#Literal"	""	"0"	"1"
"attribute"	"OSLO-Generiek"	"adres"	"{017B3E0B-C92E-4aa1-BDF9-BE6296C3E184}"	""	"ContactInfo"	"{F0E40CE4-E027-49e4-8F0F-DAD715001D82}"	"Adresvoorstelling"	"adres"	"TODO"	""	""	""	"true"	"http://www.w3.org/ns/locn#"	"address"	"http://www.w3.org/2002/07/owl#ObjectProperty"	"https://schema.org/ContactPoint"	"http://www.w3.org/ns/locn#Address"	""	"0"	"1"
"attribute"	"OSLO-Generiek"	"beschikbaarheid"	"{5B1C6A65-6CE2-4237-9E14-36FD106A3A22}"	""	"ContactInfo"	"{F0E40CE4-E027-49e4-8F0F-DAD715001D82}"	"OpeningsurenSpecificatie"	"uren beschikbaarheid"	"TODO"	""	""	""	"true"	"https://schema.org/"	"hoursAvailable"	"http://www.w3.org/2002/07/owl#ObjectProperty"	"https://schema.org/ContactPoint"	"https://schema.org/OpeningHoursSpecification"	""	"0"	"1"
"attribute"	"OSLO-Generiek"	"contactnaam"	"{EA622E5E-D24A-485c-88EA-8B4C723AEFF3}"	""	"ContactInfo"	"{F0E40CE4-E027-49e4-8F0F-DAD715001D82}"	"String"	"naam"	"TODO"	""	""	""	"true"	"http://xmlns.com/foaf/0.1/"	"name"	"http://www.w3.org/2002/07/owl#DatatypeProperty"	"https://schema.org/ContactPoint"	"http://www.w3.org/2000/01/rdf-schema#Literal"	""	"0"	"1"
"attribute"	"OSLO-Generiek"	"email"	"{F6AE332C-A14D-4856-AC9D-194418DDC07C}"	""	"ContactInfo"	"{F0E40CE4-E027-49e4-8F0F-DAD715001D82}"	"String"	"email"	"TODO"	""	""	""	"true"	"https://schema.org/"	"email"	"http://www.w3.org/2002/07/owl#DatatypeProperty"	"https://schema.org/ContactPoint"	"http://www.w3.org/2000/01/rdf-schema#Literal"	""	"0"	"1"
"attribute"	"OSLO-Generiek"	"fax"	"{9854A945-D1B0-475e-BFD1-1B77C9A95E56}"	""	"ContactInfo"	"{F0E40CE4-E027-49e4-8F0F-DAD715001D82}"	"String"	"faxnummer"	"TODO"	""	""	"fax"	"true"	"https://schema.org/"	"faxNumber"	"http://www.w3.org/2002/07/owl#DatatypeProperty"	"https://schema.org/ContactPoint"	"http://www.w3.org/2000/01/rdf-schema#Literal"	""	"0"	"1"
"attribute"	"OSLO-Generiek"	"openingsuren"	"{EA0EBF9D-979C-4f9c-89D6-1130EF4CEBA7}"	""	"ContactInfo"	"{F0E40CE4-E027-49e4-8F0F-DAD715001D82}"	"OpeningsurenSpecificatie"	"openingsuren"	"TODO"	""	""	""	"true"	"https://schema.org/"	"openingHours"	"http://www.w3.org/2002/07/owl#ObjectProperty"	"https://schema.org/ContactPoint"	"https://schema.org/OpeningHoursSpecification"	""	"0"	"1"
"attribute"	"OSLO-Generiek"	"telefoon"	"{27D4C1D6-B856-411b-BAAE-E1B5015B42FB}"	""	"ContactInfo"	"{F0E40CE4-E027-49e4-8F0F-DAD715001D82}"	"OpeningsurenSpecificatie"	"telefoon"	"TODO"	""	""	""	"true"	"https://schema.org/"	"telephone"	"http://www.w3.org/2002/07/owl#ObjectProperty"	"https://schema.org/ContactPoint"	"https://schema.org/OpeningHoursSpecification"	""	"0"	"1"
"attribute"	"OSLO-Generiek"	"website"	"{F663ACDC-1B46-498c-A40A-0035C40B00D2}"	""	"ContactInfo"	"{F0E40CE4-E027-49e4-8F0F-DAD715001D82}"	"URI"	"pagina"	"TODO"	""	""	""	"true"	"http://xmlns.com/foaf/0.1/"	"page"	"http://www.w3.org/2002/07/owl#DatatypeProperty"	"https://schema.org/ContactPoint"	"http://www.w3.org/2001/XMLSchema#anyURI"	""	"0"	"1"
"attribute"	"OSLO-Generiek"	"beschrijving"	"{0875F778-55AA-42eb-BBB8-7B7F3625C482}"	""	"FormeelKader"	"{38ADE2C3-901F-45ec-9191-2A5A00B8CDF4}"	"String"	"beschrijving"	"TODO"	""	""	""	"true"	"http://purl.org/dc/terms/"	"description"	"http://www.w3.org/2002/07/owl#DatatypeProperty"	"http://purl.org/vocab/cpsv#FormalFramework"	"http://www.w3.org/2000/01/rdf-schema#Literal"	""	"1"	"1"
"attribute"	"OSLO-Generiek"	"naam"	"{FE2B914E-8A1B-43d2-A851-5618CBD7F984}"	""	"FormeelKader"	"{38ADE2C3-901F-45ec-9191-2A5A00B8CDF4}"	"String"	"titel"	"TODO"	""	""	"naam"	"true"	"http://purl.org/dc/terms/"	"title"	"http://www.w3.org/2002/07/owl#DatatypeProperty"	"http://purl.org/vocab/cpsv#FormalFramework"	"http://www.w3.org/2000/01/rdf-schema#Literal"	""	"1"	"1"
"attribute"	"OSLO-Generiek"	"onderwerp"	"{FF78D320-C223-4485-BD2F-96845F96260D}"	""	"FormeelKader"	"{38ADE2C3-901F-45ec-9191-2A5A00B8CDF4}"	"Eurovoc"	"onderwerp"	"TODO"	""	""	""	"true"	"http://data.europa.eu/m8g/"	"subject"	"http://www.w3.org/2002/07/owl#ObjectProperty"	"http://purl.org/vocab/cpsv#FormalFramework"	"http://www.w3.org/2004/02/skos/core#Concept"	""	"1"	"1"
"attribute"	"OSLO-Generiek"	"status"	"{3F01CA43-9AD6-410c-BD0E-FD4289F7424B}"	""	"FormeelKader"	"{38ADE2C3-901F-45ec-9191-2A5A00B8CDF4}"	"ELI_status"	"status"	"TODO"	""	""	""	"true"	"http://www.w3.org/ns/adms#"	"status"	"http://www.w3.org/2002/07/owl#ObjectProperty"	"http://purl.org/vocab/cpsv#FormalFramework"	"http://www.w3.org/2004/02/skos/core#Concept"	""	"1"	"1"
"attribute"	"OSLO-Generiek"	"taal"	"{16C0CCB0-732C-4b65-8E22-BF651B1EC6E0}"	""	"FormeelKader"	"{38ADE2C3-901F-45ec-9191-2A5A00B8CDF4}"	"NAL_language"	"taal"	"TODO"	""	""	""	"true"	"http://data.europa.eu/eli/ontology#"	"language"	"http://www.w3.org/2002/07/owl#ObjectProperty"	"http://purl.org/vocab/cpsv#FormalFramework"	"http://www.w3.org/2004/02/skos/core#Concept"	""	"1"	"1"
"attribute"	"OSLO-Generiek"	"toepassingsgebied"	"{949F1F56-7773-4221-950C-A7CC2C31FDEC}"	""	"FormeelKader"	"{38ADE2C3-901F-45ec-9191-2A5A00B8CDF4}"	"NUTS"	"territoriale toepassing"	"TODO"	""	""	""	"true"	"http://data.europa.eu/m8g/"	"territorialApplication"	"http://www.w3.org/2002/07/owl#ObjectProperty"	"http://purl.org/vocab/cpsv#FormalFramework"	"http://www.w3.org/2004/02/skos/core#Concept"	""	"1"	"1"
"attribute"	"OSLO-Generiek"	"type"	"{78D67881-52FC-433b-87E8-42FDC74ACE39}"	""	"FormeelKader"	"{38ADE2C3-901F-45ec-9191-2A5A00B8CDF4}"	"NAL_type"	"type"	"TODO"	""	""	""	"true"	"http://purl.org/dc/terms/"	"type"	"http://www.w3.org/2002/07/owl#ObjectProperty"	"http://purl.org/vocab/cpsv#FormalFramework"	"http://www.w3.org/2004/02/skos/core#Concept"	""	"1"	"1"
"attribute"	"OSLO-Organisatie"	"redenStopzetting"	"{9511FCF5-972B-4e39-8E85-2AC52F04D228}"	""	"Stopzetting"	"{68AE21F7-9E83-42cd-A259-D10854F64167}"	"StopzettingType"	"reden stopzetting"	"TODO"	""	""	""	"false"	"http://data.vlaanderen.be/ns/organisatie#"	"redenStopzetting"	"http://www.w3.org/2002/07/owl#ObjectProperty"	"http://data.vlaanderen.be/ns/organisatie#Stopzetting"	"http://www.w3.org/2004/02/skos/core#Concept"	""	"0"	"1"
"attribute"	"OSLO-Organisatie"	"werkingsgebied"	"{1139807B-5B8B-4259-8676-AD0DDD50FFBF}"	""	"PubliekeOrganisatie"	"{8B88F932-5B50-4f78-B007-4FFDAF7C25DF}"	"ATU"	"spatiaal"	"Administratief gebied dat de Publieke Organisatie dekt."	""	""	"werkingsgebied"	"true"	"http://purl.org/dc/terms/"	"spatial"	"http://www.w3.org/2002/07/owl#ObjectProperty"	"http://data.europa.eu/m8g/PublicOrganisation"	"http://www.w3.org/2004/02/skos/core#Concept"	""	"0"	"*"
"attribute"	"OSLO-Organisatie"	"rechtspersoonlijkheid"	"{FC1B32E6-9DC8-40da-AFD9-44E7DF7F3195}"	""	"GeregistreerdeOrganisatie"	"{A669D638-4AA0-4aa3-A3B1-EA232A87155C}"	"Rechtspersoonlijkheidtype"	"rechtspersoonlijkheid"	"TODO"	""	""	""	"false"	"http://data.vlaanderen.be/ns/organisatie#"	"rechtspersoonlijkheid"	"http://www.w3.org/2002/07/owl#ObjectProperty"	"http://www.w3.org/ns/regorg#RegisteredOrganization"	"http://data.vlaanderen.be/ns/organisatie#Rechtspersoonlijkheidtype"	"http://www.w3.org/ns/regorg#orgType"	"0"	"1"
"attribute"	"OSLO-Organisatie"	"rechtstoestand"	"{9FC9819F-E9B1-463d-86D5-E6D70743942E}"	""	"GeregistreerdeOrganisatie"	"{A669D638-4AA0-4aa3-A3B1-EA232A87155C}"	"Rechtstoestandtype"	"rechtstoestand"	"TODO"	""	""	""	"false"	"http://data.vlaanderen.be/ns/organisatie#"	"rechtstoestand"	"http://www.w3.org/2002/07/owl#ObjectProperty"	"http://www.w3.org/ns/regorg#RegisteredOrganization"	"http://data.vlaanderen.be/ns/organisatie#Rechtstoestandtype"	"http://www.w3.org/ns/regorg#orgStatus"	"0"	"1"
"attribute"	"OSLO-Organisatie"	"rechtsvorm"	"{F1CE4182-54D4-4ba5-A653-11D3F790824A}"	""	"GeregistreerdeOrganisatie"	"{A669D638-4AA0-4aa3-A3B1-EA232A87155C}"	"Rechtsvormtype"	"rechtsvorm"	"TODO"	""	""	""	"false"	"http://data.vlaanderen.be/ns/organisatie#"	"rechtsvorm"	"http://www.w3.org/2002/07/owl#ObjectProperty"	"http://www.w3.org/ns/regorg#RegisteredOrganization"	"http://data.vlaanderen.be/ns/organisatie#Rechtsvormtype"	"http://www.w3.org/ns/regorg#orgType"	"0"	"1"
"attribute"	"OSLO-Organisatie"	"registratie"	"{02C746F8-9016-41fc-BFA7-DD6BCD4E5577}"	""	"GeregistreerdeOrganisatie"	"{A669D638-4AA0-4aa3-A3B1-EA232A87155C}"	"Identificator"	"organisatieregistratie"	"Identificator dat de organisatie verkreeg bij registratie."	"In de KBO is dit het ondernemingsnummer."	""	""	"true"	"http://www.w3.org/ns/regorg#"	"registration"	"http://www.w3.org/2002/07/owl#ObjectProperty"	"http://www.w3.org/ns/regorg#RegisteredOrganization"	"http://www.w3.org/ns/adms#Identifier"	""	"1"	"1"
"attribute"	"OSLO-Organisatie"	"wettelijkeNaam"	"{F10A9E89-F037-41de-9F4B-CA4D3C2A041B}"	""	"GeregistreerdeOrganisatie"	"{A669D638-4AA0-4aa3-A3B1-EA232A87155C}"	"String"	"wettelijke naam"	"Wettelijk geregistreerde naam vd organisatie."	"Evt in verschillende talen."	""	""	"true"	"http://www.w3.org/ns/regorg#"	"legalName"	"http://www.w3.org/2002/07/owl#DatatypeProperty"	"http://www.w3.org/ns/regorg#RegisteredOrganization"	"http://www.w3.org/2000/01/rdf-schema#Literal"	""	"1"	"1"
"attribute"	"OSLO-Organisatie"	"datum"	"{F2361E2B-2089-4d82-9E91-468A85F4EF06}"	""	"Veranderingsgebeurtenis"	"{4D5ED623-57FF-4c2c-8EA7-04056B3BEF34}"	"GetypeerdeString"	"datum"	"TODO"	"Zie bv Time and date & Recurring and partial dates van https://www.w3.org/TR/rdf11-concepts/#h3_xsd-datatypes"	""	""	"true"	"http://purl.org/dc/terms/"	"date"	"http://www.w3.org/2002/07/owl#DatatypeProperty"	"http://www.w3.org/ns/org#ChangeEvent"	"http://www.w3.org/2000/01/rdf-schema#Literal"	""	"1"	"1"
"attribute"	"OSLO-Persoon"	"achternaam"	"{4455EB60-2AC9-43bc-91DA-CF4D2A35F9C5}"	""	"Persoon"	"{2B3A5DF8-8EC5-49cb-97BC-9B828DE0017E}"	"String"	"familienaam"	"TODO"	""	""	""	"true"	"http://xmlns.com/foaf/0.1/"	"familyName"	"http://www.w3.org/2002/07/owl#DatatypeProperty"	"http://www.w3.org/ns/person#Person"	"http://www.w3.org/2000/01/rdf-schema#Literal"	""	"1"	"1"
"attribute"	"OSLO-Persoon"	"alternatieveNaam"	"{0858AA29-5D2E-41b2-8542-B26898134F79}"	""	"Persoon"	"{2B3A5DF8-8EC5-49cb-97BC-9B828DE0017E}"	"String"	"naam"	"TODO"	""	""	""	"true"	"http://xmlns.com/foaf/0.1/"	"name"	"http://www.w3.org/2002/07/owl#DatatypeProperty"	"http://www.w3.org/ns/person#Person"	"http://www.w3.org/2000/01/rdf-schema#Literal"	""	"0"	"*"
"attribute"	"OSLO-Persoon"	"geboortenaam"	"{EF9D1860-B511-4f8c-8DD4-AC2E46CAAF62}"	""	"Persoon"	"{2B3A5DF8-8EC5-49cb-97BC-9B828DE0017E}"	"String"	"geboortenaam"	"TODO"	""	""	""	"true"	"http://www.w3.org/ns/person#"	"birthName"	"http://www.w3.org/2002/07/owl#DatatypeProperty"	"http://www.w3.org/ns/person#Person"	"http://www.w3.org/2000/01/rdf-schema#Literal"	""	"0"	"1"
"attribute"	"OSLO-Persoon"	"gebruikteVoornaam"	"{18E7A2C7-3F8F-4a25-BADA-C96DF3CCBA69}"	""	"Persoon"	"{2B3A5DF8-8EC5-49cb-97BC-9B828DE0017E}"	"String"	"gebruikte voornaam"	"TODO"	""	""	""	"true"	"http://data.vlaanderen.be/ns/persoon#"	"gebruikteVoornaam"	"http://www.w3.org/2002/07/owl#DatatypeProperty"	"http://www.w3.org/ns/person#Person"	"http://www.w3.org/2000/01/rdf-schema#Literal"	"http://xmlns.com/foaf/0.1/givenName"	"1"	"1"
"attribute"	"OSLO-Persoon"	"geslacht"	"{A11B7036-C98B-4652-8D69-72683064907A}"	""	"Persoon"	"{2B3A5DF8-8EC5-49cb-97BC-9B828DE0017E}"	"Geslacht"	"geslacht"	"TODO"	""	""	""	"true"	"http://data.vlaanderen.be/ns/persoon#"	"geslacht"	"http://www.w3.org/2002/07/owl#ObjectProperty"	"http://www.w3.org/ns/person#Person"	"http://www.w3.org/2004/02/skos/core#Concept"	""	"1"	"1"
"attribute"	"OSLO-Persoon"	"isTeBereikenOp"	"{21B5D930-AD40-457e-810F-FC12737F828F}"	""	"Persoon"	"{2B3A5DF8-8EC5-49cb-97BC-9B828DE0017E}"	"ContactInfo"	"contactpunt"	"Informatie zoals email, telefoon die toelaat de Persoon te contacteren."	""	""	""	"true"	"http://schema.org/"	"contactPoint"	"http://www.w3.org/2002/07/owl#ObjectProperty"	"http://www.w3.org/ns/person#Person"	"https://schema.org/ContactPoint"	""	"0"	"1"
"attribute"	"OSLO-Persoon"	"patroniem"	"{380AFE6A-132F-4e2a-950F-781353351210}"	""	"Persoon"	"{2B3A5DF8-8EC5-49cb-97BC-9B828DE0017E}"	"String"	"patroniem"	"TODO"	""	""	""	"true"	"http://www.w3.org/ns/person#"	"patronymicName"	"http://www.w3.org/2002/07/owl#DatatypeProperty"	"http://www.w3.org/ns/person#Person"	"http://www.w3.org/2000/01/rdf-schema#Literal"	""	"0"	"1"
"attribute"	"OSLO-Persoon"	"volledigeNaam"	"{F71720E2-822D-42bc-9B86-51EA603DD8FE}"	""	"Persoon"	"{2B3A5DF8-8EC5-49cb-97BC-9B828DE0017E}"	"String"	"volledige naam"	"TODO"	""	""	""	"true"	"http://data.vlaanderen.be/ns/persoon#"	"volledigeNaam"	"http://www.w3.org/2002/07/owl#DatatypeProperty"	"http://www.w3.org/ns/person#Person"	"http://www.w3.org/2000/01/rdf-schema#Literal"	"http://xmlns.com/foaf/0.1/name"	"1"	"1"
"attribute"	"OSLO-Persoon"	"voornaam"	"{A540748C-4470-4d68-9349-38B88F096913}"	""	"Persoon"	"{2B3A5DF8-8EC5-49cb-97BC-9B828DE0017E}"	"String"	"gegeven naam"	"TODO"	""	""	""	"true"	"http://xmlns.com/foaf/0.1/"	"givenName"	"http://www.w3.org/2002/07/owl#DatatypeProperty"	"http://www.w3.org/ns/person#Person"	"http://www.w3.org/2000/01/rdf-schema#Literal"	""	"1"	"*"
"attribute"	"OSLO-Adres"	"busnummer"	"{72F2DA10-8AB2-4292-B16E-D8CF193AEB07}"	""	"Adres"	"{B73D535A-A617-4ed7-AF99-91CEF4C25B66}"	"String"	"busnummer"	"TODO"	""	""	""	"true"	"http://data.vlaanderen.be/ns/adres#"	"busnummer"	"http://www.w3.org/2002/07/owl#DatatypeProperty"	"http://data.vlaanderen.be/ns/adres#Adres"	"http://www.w3.org/2000/01/rdf-schema#Literal"	""	"1"	"1"
"attribute"	"OSLO-Adres"	"huisnummer"	"{771095A1-52D1-4c7a-8F56-588487818854}"	""	"Adres"	"{B73D535A-A617-4ed7-AF99-91CEF4C25B66}"	"String"	"huisnummer"	"TODO"	""	""	""	"true"	"http://data.vlaanderen.be/ns/adres#"	"huisnummer"	"http://www.w3.org/2002/07/owl#DatatypeProperty"	"http://data.vlaanderen.be/ns/adres#Adres"	"http://www.w3.org/2000/01/rdf-schema#Literal"	""	"1"	"1"
"attribute"	"OSLO-Adres"	"officieelToegekend"	"{E3937561-E86C-43f9-ADFC-F4194FC41D65}"	""	"Adres"	"{B73D535A-A617-4ed7-AF99-91CEF4C25B66}"	"Boolean"	"niet officieel"	"TODO"	""	""	""	"true"	"http://data.vlaanderen.be/ns/adres#"	"officieelToegekend"	"http://www.w3.org/2002/07/owl#DatatypeProperty"	"http://data.vlaanderen.be/ns/adres#Adres"	"http://www.w3.org/2001/XMLSchema#boolean"	""	"1"	"1"
"attribute"	"OSLO-Adres"	"positie"	"{F9A6B592-FBBC-4b50-B734-05F2C900E4DE}"	""	"Adres"	"{B73D535A-A617-4ed7-AF99-91CEF4C25B66}"	"GeografischePositie"	"positie"	"TODO"	""	""	""	"true"	"http://data.vlaanderen.be/ns/adres#"	"positie"	"http://www.w3.org/2002/07/owl#ObjectProperty"	"http://data.vlaanderen.be/ns/adres#Adres"	"http://www.w3.org/ns/locn#Geometry"	"http://www.w3.org/ns/locn#geometry"	"1"	"1"
"attribute"	"OSLO-Adres"	"status"	"{D97B5FD2-7ACF-498e-AB6A-7B2EC9568EC4}"	""	"Adres"	"{B73D535A-A617-4ed7-AF99-91CEF4C25B66}"	"Statuswaarde"	"status"	"TODO"	"Zie http://inspire.ec.europa.eu/codelist/StatusValue."	""	""	"true"	"http://data.vlaanderen.be/ns/adres#"	"Adres.status"	"http://www.w3.org/2002/07/owl#ObjectProperty"	"http://data.vlaanderen.be/ns/adres#Adres"	"http://www.w3.org/2004/02/skos/core#Concept"	""	"1"	"1"
"attribute"	"OSLO-Organisatie"	"vestigingsAdres"	"{7B2B94A2-5030-4cdf-8BF3-9647B6ADE0D8}"	""	"Vestiging"	"{F83BDE35-806F-4b49-A2C4-54B93C0D8C1B}"	"ContactInfo"	"vestigingsadres"	"Adres vd Vestiging."	"Kan email, telefoon en ook adres zijn (in welk geval ook niet-fysieke adressen mogelijk zijn)."	""	""	"true"	"http://www.w3.org/ns/org#"	"siteAddress"	"http://www.w3.org/2002/07/owl#ObjectProperty"	"http://www.w3.org/ns/org#Site"	"https://schema.org/ContactPoint"	""	"0"	"1"
"attribute"	"OSLO-Organisatie"	"lidVanTot"	"{AF9FAEB3-98E0-402f-937F-E24E8BD2842B}"	""	"Lidmaatschap"	"{F914932C-110F-44bc-906C-B4A569D79F9A}"	"Tijdsinterval"	"lid gedurende"	"Periode waarin de Agent lid was vd Organisatie."	""	""	""	"true"	"http://www.w3.org/ns/org#"	"memberDuring"	"http://www.w3.org/2002/07/owl#ObjectProperty"	"http://www.w3.org/ns/org#Membership"	"http://purl.org/dc/terms/PeriodOfTime"	""	"0"	"1"
"attribute"	"OSLO-Organisatie"	"rol"	"{F99C55DE-762A-4e66-A19D-F79E95536E5C}"	""	"Lidmaatschap"	"{F914932C-110F-44bc-906C-B4A569D79F9A}"	"Rol"	"rol"	"Rol die de Agent vervult als lid van de Organisatie."	""	""	""	"true"	"http://www.w3.org/ns/org#"	"role"	"http://www.w3.org/2002/07/owl#ObjectProperty"	"http://www.w3.org/ns/org#Membership"	"https://www.w3.org/TR/vocab-org/#org:Role"	""	"1"	"1"
"attribute"	"OSLO-Organisatie"	"activiteit"	"{6BA7CD60-E372-41eb-BCF1-06B04BEB7C6C}"	""	"Organisatie"	"{6728B11D-A64D-4fd1-B5DF-555EBE11A20B}"	"OrganisatieActiviteit"	"organisatieactiviteit"	"Type activiteit die door de Organisatie wordt uitgeoefend."	"Specialisatie van classificatie (naast type & status)."	""	""	"true"	"http://www.w3.org/ns/regorg#"	"orgActivity"	"http://www.w3.org/2002/07/owl#ObjectProperty"	"http://www.w3.org/ns/org#Organization"	"http://data.vlaanderen.be/ns/organisatie#OrganisatieActiviteit"	""	"0"	"1"
"attribute"	"OSLO-Organisatie"	"alternatieveNaam"	"{ED38396F-3388-42e6-AC0A-25DB770B660F}"	""	"Organisatie"	"{6728B11D-A64D-4fd1-B5DF-555EBE11A20B}"	"String"	"alternatieve label"	"Andere naam waaronder de organisatie bekend is."	"Bv commerciële naam, informele naam"	""	""	"true"	"http://www.w3.org/2004/02/skos/core#"	"altLabel"	"http://www.w3.org/2002/07/owl#DatatypeProperty"	"http://www.w3.org/ns/org#Organization"	"http://www.w3.org/2000/01/rdf-schema#Literal"	""	"0"	"*"
"attribute"	"OSLO-Organisatie"	"beschrijving"	"{8B2D9443-C71F-4bb4-A698-1C5E937C86FB}"	""	"Organisatie"	"{6728B11D-A64D-4fd1-B5DF-555EBE11A20B}"	"String"	"beschrijving"	"Beschrijving van de Publieke Organisatie."	""	""	""	"true"	"http://purl.org/dc/terms/"	"description"	"http://www.w3.org/2002/07/owl#DatatypeProperty"	"http://www.w3.org/ns/org#Organization"	"http://www.w3.org/2000/01/rdf-schema#Literal"	""	"1"	"1"
"attribute"	"OSLO-Organisatie"	"classificatie"	"{10CD2B3B-ED55-4fa8-8FDE-CE8E9D085098}"	""	"Organisatie"	"{6728B11D-A64D-4fd1-B5DF-555EBE11A20B}"	"OrganisatieClassificatie"	"classificatie"	"Rangschikking van de Organisatie in een classificatiesysteem."	""	""	""	"true"	"http://www.w3.org/ns/org#"	"classification"	"http://www.w3.org/2002/07/owl#ObjectProperty"	"http://www.w3.org/ns/org#Organization"	"http://data.vlaanderen.be/ns/organisatie#OrganisatieClassificatie"	""	"0"	"1"
"attribute"	"OSLO-Organisatie"	"doel"	"{A4F4A001-6F30-4a45-85EF-BEFCDADDE196}"	""	"Organisatie"	"{6728B11D-A64D-4fd1-B5DF-555EBE11A20B}"	""	"doel"	"Bestaanreden vd Organisatie."	""	""	""	"true"	"http://www.w3.org/ns/org#"	"purpose"	"http://www.w3.org/1999/02/22-rdf-syntax-ns#Property"	"http://www.w3.org/ns/org#Organization"	""	""	"0"	"*"
"attribute"	"OSLO-Organisatie"	"homepage"	"{56640A46-FC39-4554-9940-36F864215177}"	""	"Organisatie"	"{6728B11D-A64D-4fd1-B5DF-555EBE11A20B}"	"String"	"Homepage"	"Adres vd homepage van de website vd Publieke Organisatie."	""	""	""	"true"	"http://xmlns.com/foaf/0.1/"	"homepage"	"http://www.w3.org/2002/07/owl#DatatypeProperty"	"http://www.w3.org/ns/org#Organization"	"http://www.w3.org/2000/01/rdf-schema#Literal"	""	"0"	"1"
"attribute"	"OSLO-Organisatie"	"isTeBereikenOp"	"{E47C3BDD-8932-4c76-BA44-D168C9197B2B}"	""	"Organisatie"	"{6728B11D-A64D-4fd1-B5DF-555EBE11A20B}"	"ContactInfo"	"contactpunt"	"Informatie zoals email, telefoon die toelaat de Organisatie te contacteren.
"	""	""	"is te bereiken op"	"true"	"http://schema.org/"	"contactPoint"	"http://www.w3.org/2002/07/owl#ObjectProperty"	"http://www.w3.org/ns/org#Organization"	"https://schema.org/ContactPoint"	""	"0"	"1"
"attribute"	"OSLO-Organisatie"	"logo"	"{F860710B-F16A-462e-A144-E681AC313ACF}"	""	"Organisatie"	"{6728B11D-A64D-4fd1-B5DF-555EBE11A20B}"	""	"logo"	"Verwijzing naar het logo vd Publieke Organisatie."	""	""	""	"true"	"http://schema.org/"	"logo"	"http://www.w3.org/1999/02/22-rdf-syntax-ns#Property"	"http://www.w3.org/ns/org#Organization"	""	""	"0"	"1"
"attribute"	"OSLO-Organisatie"	"status"	"{B0B1DEAE-C94C-4143-8A38-F5028CF9E5B1}"	""	"Organisatie"	"{6728B11D-A64D-4fd1-B5DF-555EBE11A20B}"	"OrganisatieStatus"	"organisatiestatus"	"Toestand vd Organisatie."	"Specialisatie van classificatie (naast type & activiteit)."	""	""	"true"	"http://www.w3.org/ns/regorg#"	"orgStatus"	"http://www.w3.org/2002/07/owl#ObjectProperty"	"http://www.w3.org/ns/org#Organization"	"http://data.vlaanderen.be/ns/organisatie#OrganisatieStatus"	""	"1"	"1"
"attribute"	"OSLO-Organisatie"	"type"	"{1A78AE9A-DFC8-4ef9-AB41-A30F2487231A}"	""	"Organisatie"	"{6728B11D-A64D-4fd1-B5DF-555EBE11A20B}"	"OrganisatieType"	"organisatietype"	"Type Organisatie."	"Specialisatie van classificatie (naast activiteit & status)."	""	""	"true"	"http://www.w3.org/ns/regorg#"	"orgType"	"http://www.w3.org/2002/07/owl#ObjectProperty"	"http://www.w3.org/ns/org#Organization"	"http://data.vlaanderen.be/ns/organisatie#OrganisatieType"	""	"1"	"1"
"attribute"	"OSLO-Organisatie"	"voorkeursNaam"	"{B0CC3294-66CE-430c-8D09-714B88125E4D}"	""	"Organisatie"	"{6728B11D-A64D-4fd1-B5DF-555EBE11A20B}"	"String"	"voorkeurslabel"	"Naam waarmee de Organisatie bij voorkeur wordt aangeduid."	""	""	""	"true"	"http://www.w3.org/2004/02/skos/core#"	"prefLabel"	"http://www.w3.org/2002/07/owl#DatatypeProperty"	"http://www.w3.org/ns/org#Organization"	"http://www.w3.org/2000/01/rdf-schema#Literal"	""	"1"	"1"
