"EA-Type"	"EA-Package"	"EA-Name"	"EA-GUID"	"EA-Parent"	"EA-Domain"	"EA-Domain-GUID"	"EA-Range"	"label-nl"	"definition-nl"	"ap-definition-nl"	"ap-usageNote-nl"	"label-en"	"definition-en"	"equivalent"	"subclass"	"subclass1"	"ap-codelist"	"ap-label-nl"	"external term"	"namespace"	"localname"	"type"	"domain"	"range"	"parent"	"min card"	"max card"
"Package"	""	"OSLO²_applicatieprofiel_Wegenregister"	"{6E53D1CC-C04B-450f-B1C4-5CDFDE245B92}"	""	""	""	""	""	""	""	""	""	""	""	""	""	""	""	""	"http://data.vlaanderen.be/ns/"	"weg"	"http://www.w3.org/2002/07/owl#Ontology"	""	""	""	""	""
"CLASS"	"OSLO²_applicatieprofiel_Wegenregister"	"Organisatie"	"{98581FA5-B045-4ecb-8A27-12AD2FE6030D}"	""	""	""	""	"Organisatie"	"TODO"	"TODO"	""	""	""	""	""	""	""	"Organisatie"	"true"	"http://www.w3.org/ns/org#"	"Organization"	"http://www.w3.org/2000/01/rdf-schema#Class"	""	""	""	""	""
"CLASS"	"OSLO²_applicatieprofiel_Wegenregister"	"Straatnaam"	"{B404854F-D3C8-4637-AAAA-BD6A717A6B79}"	""	""	""	""	"Straatnaam"	"TODO"	"TODO"	""	""	""	""	""	""	""	"Straatnaam"	"true"	"http://data.vlaanderen.be/ns/adres#"	"Straatnaam"	"http://www.w3.org/2000/01/rdf-schema#Class"	""	""	""	""	""
"CLASS"	"OSLO²_applicatieprofiel_Wegenregister"	"Gemeentenaam"	"{98F2194E-8FF0-4ac1-A2BB-397727E7AEEB}"	""	""	""	""	"Gemeentenaam"	"TODO"	"TODO"	""	""	""	""	""	""	""	"Gemeentenaam"	"true"	"http://data.vlaanderen.be/ns/adres#"	"Gemeentenaam"	"http://www.w3.org/2000/01/rdf-schema#Class"	""	""	""	""	""
"CLASS"	"OSLO²_applicatieprofiel_Wegenregister"	"GenummerdeWeg"	"{113B3E18-E866-455b-B819-1D1B6592F4A0}"	""	""	""	""	"Genummerde Weg"	"Een genummerde weg is een weg die in een bepaald land van bovenlokaal belang is of door een hogere overheidsinstantie wordt beheerd, en steeds genummerd wordt."	"Een genummerde weg is een weg die in een bepaald land van bovenlokaal belang is of door een hogere overheidsinstantie wordt beheerd, en steeds genummerd wordt."	""	""	""	""	""	""	""	"Genummerde Weg"	"false"	"http://data.vlaanderen.be/ns/weg#"	"GenummerdeWeg"	"http://www.w3.org/2000/01/rdf-schema#Class"	""	""	""	""	""
"CLASS"	"OSLO²_applicatieprofiel_Wegenregister"	"EuropeseWeg"	"{B8EF4691-8571-4b69-8EFE-B61C69E38245}"	""	""	""	""	"Europese Weg"	"Een verzameling weglinksequenties en of individuele weglinks die een route vertegenwoordigt die deel uitmaakt van het internationale E-wegennetwerk, gekenmerkt door zijn Europese routenummer."	"Een verzameling weglinksequenties en of individuele weglinks die een route vertegenwoordigt die deel uitmaakt van het internationale E-wegennetwerk, gekenmerkt door zijn Europese routenummer."	""	""	""	""	""	""	""	"Europese Weg"	"false"	"http://data.vlaanderen.be/ns/weg#"	"EuropeseWeg"	"http://www.w3.org/2000/01/rdf-schema#Class"	""	""	""	""	""
"CLASS"	"OSLO²_applicatieprofiel_Wegenregister"	"OngelijkgrondseKruising"	"{97131527-1BBF-4db8-889E-EC9DEEBEA4D7}"	""	""	""	""	"Ongelijkgrondse Kruising"	"Relatie die bij een ongelijkgrondse kruising van twee wegsegmenten aanduidt welk wegsegment zich bovenaan bevindt en welk wegsegment zich onderaan bevindt."	"Relatie die bij een ongelijkgrondse kruising van twee wegsegmenten aanduidt welk wegsegment zich bovenaan bevindt en welk wegsegment zich onderaan bevindt."	""	""	""	""	""	""	""	"Ongelijkgrondse Kruising"	"false"	"http://data.vlaanderen.be/ns/weg#"	"OngelijkgrondseKruising"	"http://www.w3.org/2000/01/rdf-schema#Class"	""	""	""	""	""
"CLASS"	"OSLO²_applicatieprofiel_Wegenregister"	"Referentiepunt"	"{F394B5BC-D7DA-4d0f-A69F-8AAB390836A8}"	""	""	""	""	"Referentiepunt"	"Referentiepaal die, meestal in regelmatige intervallen, langs een route in een netwerk staat en die de afstand van aan de paal tot aan het begin van de route (of tot aan een ander referentiepunt) weergeeft."	"Referentiepaal die, meestal in regelmatige intervallen, langs een route in een netwerk staat en die de afstand van aan de paal tot aan het begin van de route (of tot aan een ander referentiepunt) weergeeft."	""	""	""	""	""	""	""	"Referentiepunt"	"false"	"http://data.vlaanderen.be/ns/weg#"	"Referentiepunt"	"http://www.w3.org/2000/01/rdf-schema#Class"	""	""	""	""	""
"CLASS"	"OSLO²_applicatieprofiel_Wegenregister"	"Wegknoop"	"{90889AE2-190D-42ac-B39D-CF84628D9502}"	""	""	""	""	"Wegknoop"	"Ruimtelijk puntobject dat gebruikt wordt om de connectiviteit tussen 2 wegsegmenten te beschrijven of om een significant ruimtelijk object voor te stellen."	"Ruimtelijk puntobject dat gebruikt wordt om de connectiviteit tussen 2 wegsegmenten te beschrijven of om een significant ruimtelijk object voor te stellen."	""	""	""	""	""	""	""	"Wegknoop"	"false"	"http://data.vlaanderen.be/ns/weg#"	"Wegknoop"	"http://www.w3.org/2000/01/rdf-schema#Class"	""	""	""	""	""
"CLASS"	"OSLO²_applicatieprofiel_Wegenregister"	"Wegsegment"	"{6BCB544D-6177-494a-A013-2372F320FCBF}"	""	""	""	""	"Wegsegment"	"Lineair object dat de connectiviteit tussen 2 punten in het netwerk beschrijft."	"Lineair object dat de connectiviteit tussen 2 punten in het netwerk beschrijft."	""	""	""	""	"http://www.w3.org/ns/prov#Entity"	""	""	"Wegsegment"	"false"	"http://data.vlaanderen.be/ns/weg#"	"Wegsegment"	"http://www.w3.org/2000/01/rdf-schema#Class"	""	""	""	""	""
"CLASS"	"OSLO²_applicatieprofiel_Wegenregister"	"Positie"	"{21B528EF-8320-488d-9B3B-93F595429D9B}"	""	""	""	""	"Positie"	"Positie van het Wegsegment op de Transportlinkset"	"Positie van het Wegsegment op de GenummerdeWeg"	""	""	""	""	""	""	""	"Positie"	"false"	"http://data.vlaanderen.be/ns/weg#"	"Positie"	"http://www.w3.org/2000/01/rdf-schema#Class"	""	""	""	""	""
"DATATYPE"	"OSLO²_applicatieprofiel_Wegenregister"	"Rijrichting"	"{B208443E-79CA-498a-8A35-A8ED2537B364}"	""	""	""	""	"Rijrichting"	"Geeft de richting van de verkeersstroom aan in relatie tot de logische richting van het wegsegment."	"Geeft de richting van de verkeersstroom aan in relatie tot de logische richting van het wegsegment."	"De logische richting wordt bepaald adhv de begin- en eindknoop. Men kijkt steeds van begin- naar eindknoop. Dit komt niet altijd overeen met de digitalisatiezin van het wegsegment."	""	""	""	""	""	""	"Rijrichting"	"false"	"http://data.vlaanderen.be/ns/weg#"	"Rijrichting"	"http://www.w3.org/2000/01/rdf-schema#Class"	""	""	""	""	""
"DATATYPE"	"OSLO²_applicatieprofiel_Wegenregister"	"Snelheidsbeperking"	"{0B453827-AF36-4213-8895-0C0D549F47CE}"	""	""	""	""	"Snelheidsbeperking"	"Beperking voor de snelheid van een voertuig op een wegsegment"	"Beperking voor de snelheid van een voertuig op een wegsegment"	""	""	""	""	""	""	""	"Snelheidsbeperking"	"false"	"http://data.vlaanderen.be/ns/weg#"	"Snelheidsbeperking"	"http://www.w3.org/2000/01/rdf-schema#Class"	""	""	""	""	""
"DATATYPE"	"OSLO²_applicatieprofiel_Wegenregister"	"Geometrie"	"{DDC6679F-CF82-4cc9-ADA6-CDF998A30428}"	""	""	""	""	"Geometrie"	"Vorm- en positiekenmerken van een object."	"Vorm- en positiekenmerken van een object."	"Beschrijft deze kenmerken dmv punten, lijnen, polygonen en coördinaten"	""	""	""	""	""	""	"Geometrie"	"true"	"http://www.w3.org/ns/locn#"	"Geometry"	"http://www.w3.org/2000/01/rdf-schema#Class"	""	""	""	""	""
"DATATYPE"	"OSLO²_applicatieprofiel_Wegenregister"	"AantalRijstroken"	"{C4D489E6-DA4A-4a3e-8134-80A1772F2B73}"	""	""	""	""	"Aantal Rijstroken"	"Het aantal rijstroken van een wegsegment"	"het aantal rijstroken van een wegsegment"	""	""	""	""	""	""	""	"Aantal Rijstroken"	"false"	"http://data.vlaanderen.be/ns/weg#"	"AantalRijstroken"	"http://www.w3.org/2000/01/rdf-schema#Class"	""	""	""	""	""
"DATATYPE"	"OSLO²_applicatieprofiel_Wegenregister"	"Wegbreedte"	"{888FFACF-B68B-4f2f-AB73-87FF904C77FE}"	""	""	""	""	"Wegbreedte"	"De wegbreedte is de afstand tussen beide randen van een wegbaan"	"De wegbreedte is de afstand tussen beide randen van een wegbaan"	""	""	""	""	""	""	""	"Wegbreedte"	"false"	"http://data.vlaanderen.be/ns/weg#"	"Wegbreedte"	"http://www.w3.org/2000/01/rdf-schema#Class"	""	""	""	""	""
"DATATYPE"	"OSLO²_applicatieprofiel_Wegenregister"	"Lijnstring"	"{3F74E80A-4FCD-4d61-A108-BCDAFF468DF3}"	"Geometrie"	""	""	""	"Lijnstring"	"Curve met lineaire interpolatie tussen de punten. Elk opeenvolgend paar punten vormt een lijnsegment. De lijnstring heeft ten minste twee punten."	"Curve met lineaire interpolatie tussen de punten. Elk opeenvolgend paar punten vormt een lijnsegment. De lijnstring heeft ten minste twee punten."	"Een curve is een 1-dimensioneel geometrisch object gedefinieerd als een sequentie van punten. De interpolatie kan op verschillende manieren gebeuren (bv lineair bij een lijnstring)."	""	""	""	""	""	""	"Lijnstring"	"true"	"http://www.opengis.net/ont/sf#"	"LineString"	"http://www.w3.org/2000/01/rdf-schema#Class"	""	""	"http://www.w3.org/ns/locn#Geometry"	""	""
"DATATYPE"	"OSLO²_applicatieprofiel_Wegenregister"	"Punt"	"{AAC42351-1C56-4aaa-82DF-DC4AFEEB9C6E}"	"Geometrie"	""	""	""	"Punt"	"Een 0-dimensioneel geometrisch object dat een bepaalde locatie in een coördinaatruimte voorstelt. Heeft een x-coördinaat en een y-coördinaat. Kan ook een z-coördinaat (hoogte) en een m-coördinaat (afstand langs een curve) hebben."	"Een 0-dimensioneel geometrisch object dat een bepaalde locatie in een coördinaatruimte voorstelt. Heeft een x-coördinaat en een y-coördinaat. Kan ook een z-coördinaat (hoogte) en een m-coördinaat (afstand langs een curve) hebben."	" "	""	""	""	""	""	""	"Punt"	"true"	"http://www.opengis.net/ont/sf#"	"Point"	"http://www.w3.org/2000/01/rdf-schema#Class"	""	""	"http://www.w3.org/ns/locn#Geometry"	""	""
"ENUMERATION"	"OSLO²_applicatieprofiel_Wegenregister"	"WegsegmentStatusWaarde"	"{AD1EEBE0-C2E2-4360-9F11-E976B05EA209}"	""	""	""	""	"TODO"	"TODO"	"TODO"	""	""	""	""	""	""	""	""	"true"	"http://www.w3.org/2004/02/skos/core#"	"Concept"	"http://www.w3.org/2000/01/rdf-schema#Class"	""	""	""	""	""
"ENUMERATION"	"OSLO²_applicatieprofiel_Wegenregister"	"GeometrieMethodeWaarde"	"{72921BD3-7FDE-4bc7-A80D-44CFD97CF104}"	""	""	""	""	"TODO"	"TODO"	"TODO"	""	""	""	""	""	""	""	""	"true"	"http://www.w3.org/2004/02/skos/core#"	"Concept"	"http://www.w3.org/2000/01/rdf-schema#Class"	""	""	""	""	""
"ENUMERATION"	"OSLO²_applicatieprofiel_Wegenregister"	"OngelijkgrondseKruisingTypeWaarde"	"{3242BFFE-A730-4bf1-9680-24FA67C562D2}"	""	""	""	""	"TODO"	"TODO"	"TODO"	""	""	""	""	""	""	""	""	"true"	"http://www.w3.org/2004/02/skos/core#"	"Concept"	"http://www.w3.org/2000/01/rdf-schema#Class"	""	""	""	""	""
"ENUMERATION"	"OSLO²_applicatieprofiel_Wegenregister"	"GenummerdeWegRichtingWaarde"	"{F9B07C17-A1B7-4606-9AEE-E5A47DB7E706}"	""	""	""	""	"TODO"	"TODO"	"TODO"	""	""	""	""	""	""	""	""	"true"	"http://www.w3.org/2004/02/skos/core#"	"Concept"	"http://www.w3.org/2000/01/rdf-schema#Class"	""	""	""	""	""
"ENUMERATION"	"OSLO²_applicatieprofiel_Wegenregister"	"ToegangsbeperkingTypeWaarde"	"{8C0587D2-7033-4c98-B49E-AA59DB8C09CB}"	""	""	""	""	"TODO"	"TODO"	"TODO"	""	""	""	""	""	""	""	""	"true"	"http://www.w3.org/2004/02/skos/core#"	"Concept"	"http://www.w3.org/2000/01/rdf-schema#Class"	""	""	""	""	""
"ENUMERATION"	"OSLO²_applicatieprofiel_Wegenregister"	"MorfologieTypeWaarde"	"{2918E0DA-2BDC-4213-B9E3-A69E30CC8CE4}"	""	""	""	""	"TODO"	"TODO"	"TODO"	""	""	""	""	""	""	""	""	"true"	"http://www.w3.org/2004/02/skos/core#"	"Concept"	"http://www.w3.org/2000/01/rdf-schema#Class"	""	""	""	""	""
"ENUMERATION"	"OSLO²_applicatieprofiel_Wegenregister"	"WegcategorieTypeWaarde"	"{2B7458BF-1076-4b49-9775-96AFDD54D7FF}"	""	""	""	""	"TODO"	"TODO"	"TODO"	""	""	""	""	""	""	""	""	"true"	"http://www.w3.org/2004/02/skos/core#"	"Concept"	"http://www.w3.org/2000/01/rdf-schema#Class"	""	""	""	""	""
"ENUMERATION"	"OSLO²_applicatieprofiel_Wegenregister"	"WegknoopTypeWaarde"	"{2AD9DEA0-CC00-46a6-8030-D7C2529FEBF5}"	""	""	""	""	"TODO"	"TODO"	"TODO"	""	""	""	""	""	""	""	""	"true"	"http://www.w3.org/2004/02/skos/core#"	"Concept"	"http://www.w3.org/2000/01/rdf-schema#Class"	""	""	""	""	""
"ENUMERATION"	"OSLO²_applicatieprofiel_Wegenregister"	"WegverhardingTypeWaarde"	"{3BEC4EFD-EEC0-4b39-B403-EB9EA2FA690A}"	""	""	""	""	"TODO"	"TODO"	"TODO"	""	""	""	""	""	""	""	""	"true"	"http://www.w3.org/2004/02/skos/core#"	"Concept"	"http://www.w3.org/2000/01/rdf-schema#Class"	""	""	""	""	""
"ENUMERATION"	"OSLO²_applicatieprofiel_Wegenregister"	"RichtingWaarde"	"{7DC4A86E-728B-45cd-A841-AE06B8EF6D3A}"	""	""	""	""	"TODO"	"TODO"	"TODO"	""	""	""	""	""	""	""	""	"true"	"http://www.w3.org/2004/02/skos/core#"	"Concept"	"http://www.w3.org/2000/01/rdf-schema#Class"	""	""	""	""	""
"ENUMERATION"	"OSLO²_applicatieprofiel_Wegenregister"	"ReferentiepuntTypeWaarde"	"{F5F3F936-4951-4a24-BC6C-D54D4266DC59}"	""	""	""	""	"TODO"	"TODO"	"TODO"	""	""	""	""	""	""	""	""	"true"	"http://www.w3.org/2004/02/skos/core#"	"Concept"	"http://www.w3.org/2000/01/rdf-schema#Class"	""	""	""	""	""
"ENUMERATION"	"OSLO²_applicatieprofiel_Wegenregister"	"MeeteenheidWaarde"	"{B339600B-3419-4424-9035-792AF3E6F631}"	""	""	""	""	"TODO"	"TODO"	"TODO"	""	""	""	""	""	""	""	""	"true"	"http://www.w3.org/2004/02/skos/core#"	"Concept"	"http://www.w3.org/2000/01/rdf-schema#Class"	""	""	""	""	""
"DATATYPE"	"OSLO²_applicatieprofiel_Wegenregister"	"Meting"	"{1E811EBD-5596-465f-8646-A15370C51526}"	""	""	""	""	"Lengte"	"Het resultaat van het uitvoeren van de handeling of het proces van het vaststellen van de omvang, afmetingen of hoeveelheid van een bepaalde entiteit. Een meetwaarde wordt altijd gekoppeld aan een maateenheid."	"Het resultaat van het uitvoeren van de handeling of het proces van het vaststellen van de omvang, afmetingen of hoeveelheid van een bepaalde entiteit. Een meetwaarde wordt altijd gekoppeld aan een maateenheid."	""	""	""	""	""	""	""	"Lengte"	"false"	"http://data.vlaanderen.be/ns/weg#"	"Meting"	"http://www.w3.org/2000/01/rdf-schema#Class"	""	""	""	""	""
"DATATYPE"	"OSLO²_applicatieprofiel_Wegenregister"	"Afstand"	"{F2535638-AADB-422f-84FB-0431E3C66C09}"	"Lengte"	""	""	""	"Afstand"	"Gebruikt als een type voor het retourneren van afstanden en mogelijk lengtes."	"Gebruikt als een type voor het retourneren van afstanden en mogelijk lengtes."	"Wees voorzichtig bij het gebruik van afstand waarbij lengte wordt bedoeld. De afstand van begin tot einde van een curve is niet de lengte van de curve, maar vertegenwoordigt de lengte van de kortste curve tussen deze twee punten."	""	""	""	""	""	""	"Afstand"	"false"	"http://data.vlaanderen.be/ns/weg#"	"Afstand"	"http://www.w3.org/2000/01/rdf-schema#Class"	""	""	"http://data.vlaanderen.be/ns/weg#Lengte"	""	""
"DATATYPE"	"OSLO²_applicatieprofiel_Wegenregister"	"Lengte"	"{8E895326-14DA-4220-9743-07228986A2E3}"	"Meting"	""	""	""	"Lengte"	"De maat van de afstand als een integraal, d.w.z. de grens van een oneindige som van afstanden tussen punten op een kromme. Bijvoorbeeld de lengte van de curve, de omtrek van een polygoon als de lengte van de grens."	"De maat van de afstand als een integraal, d.w.z. de grens van een oneindige som van afstanden tussen punten op een kromme. Bijvoorbeeld de lengte van de curve, de omtrek van een polygoon als de lengte van de grens."	""	""	""	""	""	""	""	"Lengte"	"false"	"http://data.vlaanderen.be/ns/weg#"	"Lengte"	"http://www.w3.org/2000/01/rdf-schema#Class"	""	""	"http://data.vlaanderen.be/ns/weg#Meting"	""	""
"DATATYPE"	"OSLO²_applicatieprofiel_Wegenregister"	"Snelheid"	"{D48D903D-7D76-4208-B10E-DE7463811ED5}"	"Meting"	""	""	""	"Snelheid"	"De mate van beweging in termen van snelheid in een bepaalde richting. Het wordt meestal berekend met behulp van de eenvoudige formule, de verandering in positie gedurende een bepaald tijdsinterval."	"De mate van beweging in termen van snelheid in een bepaalde richting. Het wordt meestal berekend met behulp van de eenvoudige formule, de verandering in positie gedurende een bepaald tijdsinterval."	""	""	""	""	""	""	""	"Snelheid"	"false"	"http://data.vlaanderen.be/ns/weg#"	"Snelheid"	"http://www.w3.org/2000/01/rdf-schema#Class"	""	""	"http://data.vlaanderen.be/ns/weg#Meting"	""	""
"DATATYPE"	"OSLO²_applicatieprofiel_Wegenregister"	"Gewicht"	"{8620208E-DF9A-402b-A94B-CA14C96AD24B}"	"Meting"	""	""	""	"Gewicht"	"Het gewicht van een voorwerp is de kracht die dat voorwerp, als gevolg van de zwaartekracht, op zijn ondersteuning of ophanging uitoefent."	"Het gewicht van een voorwerp is de kracht die dat voorwerp, als gevolg van de zwaartekracht, op zijn ondersteuning of ophanging uitoefent."	""	""	""	""	""	""	""	"Gewicht"	"false"	"http://data.vlaanderen.be/ns/weg#"	"Gewicht"	"http://www.w3.org/2000/01/rdf-schema#Class"	""	""	"http://data.vlaanderen.be/ns/weg#Meting"	""	""
"ENUMERATION"	"OSLO²_applicatieprofiel_Wegenregister"	"VoertuigTypeWaarde"	"{A59BB2BD-8394-4c08-8951-13787CE97376}"	""	""	""	""	"TODO"	"TODO"	"TODO"	""	""	""	""	""	""	""	""	"true"	"http://www.w3.org/2004/02/skos/core#"	"Concept"	"http://www.w3.org/2000/01/rdf-schema#Class"	""	""	""	""	""
"DATATYPE"	"OSLO²_applicatieprofiel_Wegenregister"	"Tijdsinterval"	"{9FC142D5-2278-4237-A470-97DAFD7B4E5E}"	""	""	""	""	"TijdsInterval"	"TODO"	"TODO"	""	""	""	""	""	""	""	"TijdsInterval"	"true"	"http://purl.org/dc/terms/"	"PeriodOfTime"	"http://www.w3.org/2000/01/rdf-schema#Class"	""	""	""	""	""
"ENUMERATION"	"OSLO²_applicatieprofiel_Wegenregister"	"BeperkingsTypeWaarde"	"{0796CFB3-3AF7-4afb-8907-6D36C11B95F0}"	""	""	""	""	"TODO"	"TODO"	"TODO"	""	""	""	""	""	""	""	""	"true"	"http://www.w3.org/2004/02/skos/core#"	"Concept"	"http://www.w3.org/2000/01/rdf-schema#Class"	""	""	""	""	""
"ENUMERATION"	"OSLO²_applicatieprofiel_Wegenregister"	"SnelheidslimietBronWaarde"	"{F45DD849-3B8A-4fac-81ED-E1DF2709D10F}"	""	""	""	""	"TODO"	"TODO"	"TODO"	""	""	""	""	""	""	""	""	"true"	"http://www.w3.org/2004/02/skos/core#"	"Concept"	"http://www.w3.org/2000/01/rdf-schema#Class"	""	""	""	""	""
"ENUMERATION"	"OSLO²_applicatieprofiel_Wegenregister"	"OmgevingsWaarde"	"{8551C37B-AF4D-4b33-B49C-27F9E0F7934A}"	""	""	""	""	"TODO"	"TODO"	"TODO"	""	""	""	""	""	""	""	""	"true"	"http://www.w3.org/2004/02/skos/core#"	"Concept"	"http://www.w3.org/2000/01/rdf-schema#Class"	""	""	""	""	""
"DATATYPE"	"OSLO²_applicatieprofiel_Wegenregister"	"Wegverharding"	"{8A141722-306A-4bc9-9876-2DBEE433C00D}"	""	""	""	""	"Wegverharding"	"Geeft aan of het wegsegment al dan niet verhard is"	"Geeft aan of het wegsegment al dan niet verhard is"	""	""	""	""	""	""	""	"Wegverharding"	"false"	"http://data.vlaanderen.be/ns/weg#"	"Wegverharding"	"http://www.w3.org/2000/01/rdf-schema#Class"	""	""	""	""	""
"DATATYPE"	"OSLO²_applicatieprofiel_Wegenregister"	"Identificator"	"{A8D55970-2575-4034-A660-E0B57FEC6562}"	""	""	""	""	"Identificator"	"TODO"	"Informatie gebruikt om een object uniek te identificeren. "	"Uitgangspunt hier is dat deze string door een organisatie wordt toegekend en dat dit gebeurt volgens een welbepaald systeem."	""	""	""	""	""	""	"Identificator"	"true"	"http://www.w3.org/ns/adms#"	"Identifier"	"http://www.w3.org/2000/01/rdf-schema#Class"	""	""	""	""	""
"DATATYPE"	"OSLO²_applicatieprofiel_Wegenregister"	"GestructureerdeIdentificator"	"{54964433-CF3A-41e1-B8FB-0E372E9542AB}"	""	""	""	""	"TODO"	"TODO"	"Identificator van een object opgesplitst in zijn onderdelen."	""	""	""	""	""	""	""	"Gestructureerde Identificator"	"false"	"http://data.vlaanderen.be/ns/weg#"	"GestructureerdeIdentificator"	"http://www.w3.org/2000/01/rdf-schema#Class"	""	""	""	""	""
"CLASS"	"OSLO²_applicatieprofiel_Wegenregister"	"NationaleWeg"	"{79AD28E0-0747-4d82-B9A2-78D9FC345023}"	""	""	""	""	"Nationale Weg"	"Een nationale weg is een weg, veelal van bovenlokaal belang, die voorzien is van een vereenvoudigd administratief nummer"	"Een nationale weg is een weg, veelal van bovenlokaal belang, die voorzien is van een vereenvoudigd administratief nummer"	" "	""	""	""	""	""	""	"Nationale Weg"	"false"	"http://data.vlaanderen.be/ns/weg#"	"NationaleWeg"	"http://www.w3.org/2000/01/rdf-schema#Class"	""	""	""	""	""
"connector"	""	"linkerstraatnaam"	"{9783F958-5E6B-40d5-8A21-871B96FEFDE3}"	""	"Wegsegment"	"{6BCB544D-6177-494a-A013-2372F320FCBF}"	"Straatnaam"	"linkerstraatnaam"	"Straatnaam voorkomend aan de linkerstraatkant"	"Straatnaam voorkomend aan de linkerstraatkant"	"De aanduiding links/rechts wordt bepaald adhv de begin- en eindknoop. Men kijkt steeds van begin- naar eindknoop. Dit komt niet altijd overeen met de digitalisatiezin van het wegsegment."	""	""	""	""	""	""	"linkerstraatnaam"	"false"	"http://data.vlaanderen.be/ns/weg#"	"linkerstraatnaam"	"http://www.w3.org/2002/07/owl#ObjectProperty"	"http://data.vlaanderen.be/ns/weg#Wegsegment"	"http://data.vlaanderen.be/ns/adres#Straatnaam"	""	"1"	"1"
"connector"	""	"rechtergemeentenaam"	"{39266775-91A7-4445-803C-587D46B73034}"	""	"Wegsegment"	"{6BCB544D-6177-494a-A013-2372F320FCBF}"	"Gemeentenaam"	"rechtergemeentenaam"	"TODO"	"TODO"	"De aanduiding links/rechts wordt bepaald adhv de begin- en eindknoop. Men kijkt steeds van begin- naar eindknoop. Dit komt niet altijd overeen met de digitalisatiezin van het wegsegment."	""	""	""	""	""	""	"rechtergemeentenaam"	"false"	"http://data.vlaanderen.be/ns/weg#"	"rechtergemeentenaam"	"http://www.w3.org/2002/07/owl#ObjectProperty"	"http://data.vlaanderen.be/ns/weg#Wegsegment"	"http://data.vlaanderen.be/ns/adres#Gemeentenaam"	""	"1"	"1"
"connector"	""	"heeftSnelheidsbeperking"	"{A6E09989-6263-4bf9-84F2-4164A0A6F300}"	""	"Wegsegment"	"{6BCB544D-6177-494a-A013-2372F320FCBF}"	"Snelheidsbeperking"	"heeft snelheidsbeperking"	"Beperking voor de snelheid van een voertuig op een wegsegment"	"Beperking voor de snelheid van een voertuig op een wegsegment"	""	""	""	""	""	""	""	"heeft snelheidsbeperking"	"false"	"http://data.vlaanderen.be/ns/weg#"	"heeftSnelheidsbeperking"	"http://www.w3.org/2002/07/owl#ObjectProperty"	"http://data.vlaanderen.be/ns/weg#Wegsegment"	"http://data.vlaanderen.be/ns/weg#Snelheidsbeperking"	""	"0"	"*"
"connector"	""	"behoortTotSeqentie"	"{2DE0EE8E-8AE7-4b2a-8A1F-8F100B4175B3}"	""	"Wegsegment"	"{6BCB544D-6177-494a-A013-2372F320FCBF}"	"Positie"	"behoort tot sequentie op positie"	"De Positie waarop het Wegsegment behoort tot de genummerde weg."	"TODO"	""	""	""	""	""	""	""	"behoort tot sequentie op positie"	"false"	"http://data.vlaanderen.be/ns/weg#"	"behoortTotSeqentie"	"http://www.w3.org/2002/07/owl#ObjectProperty"	"http://data.vlaanderen.be/ns/weg#Wegsegment"	"http://data.vlaanderen.be/ns/weg#Positie"	""	""	""
"connector"	""	"behoortTotSeqentie"	"{2DE0EE8E-8AE7-4b2a-8A1F-8F100B4175B3}"	""	"Positie"	"{21B528EF-8320-488d-9B3B-93F595429D9B}"	"GenummerdeWeg"	"behoort op positie tot sequentie"	"De genummerde weg tot dewelke het Wegsegment behoort op de positie van deze route."	"TODO"	""	""	""	""	""	""	""	"behoort op positie tot sequentie"	"false"	"http://data.vlaanderen.be/ns/weg#"	"behoortTotSeqentie"	"http://www.w3.org/2002/07/owl#ObjectProperty"	"http://data.vlaanderen.be/ns/weg#Positie"	"http://data.vlaanderen.be/ns/weg#GenummerdeWeg"	""	"0"	"*"
"connector"	""	"bovenliggendWegsegment"	"{BE9A18A3-2EEB-4fb3-9117-65092AFC4834}"	""	"OngelijkgrondseKruising"	"{97131527-1BBF-4db8-889E-EC9DEEBEA4D7}"	"Wegsegment"	"bovenliggend wegsegment"	"Het bovenliggende wegsegment"	"Het bovenliggende wegsegment"	""	""	""	""	""	""	""	"bovenliggend wegsegment"	"false"	"http://data.vlaanderen.be/ns/weg#"	"bovenliggendWegsegment"	"http://www.w3.org/2002/07/owl#ObjectProperty"	"http://data.vlaanderen.be/ns/weg#OngelijkgrondseKruising"	"http://data.vlaanderen.be/ns/weg#Wegsegment"	""	"1"	"1"
"connector"	""	"onderliggendWegsegment"	"{3EE786ED-0792-4295-A4D8-F90A2AF5AF64}"	""	"OngelijkgrondseKruising"	"{97131527-1BBF-4db8-889E-EC9DEEBEA4D7}"	"Wegsegment"	"onderliggend wegsegment"	"Het onderliggend wegsegment"	"Het onderliggend wegsegment"	""	""	""	""	""	""	""	"onderliggend wegsegment"	"false"	"http://data.vlaanderen.be/ns/weg#"	"onderliggendWegsegment"	"http://www.w3.org/2002/07/owl#ObjectProperty"	"http://data.vlaanderen.be/ns/weg#OngelijkgrondseKruising"	"http://data.vlaanderen.be/ns/weg#Wegsegment"	""	"1"	"1"
"connector"	""	"linkergemeentenaam"	"{3F575A3C-239D-49ce-B6B0-C8F22F506996}"	""	"Wegsegment"	"{6BCB544D-6177-494a-A013-2372F320FCBF}"	"Gemeentenaam"	"linkergemeentenaam"	"TODO"	"TODO"	"De aanduiding links/rechts wordt bepaald adhv de begin- en eindknoop. Men kijkt steeds van begin- naar eindknoop. Dit komt niet altijd overeen met de digitalisatiezin van het wegsegment."	""	""	""	""	""	""	"linkergemeentenaam"	"false"	"http://data.vlaanderen.be/ns/weg#"	"linkergemeentenaam"	"http://www.w3.org/2002/07/owl#ObjectProperty"	"http://data.vlaanderen.be/ns/weg#Wegsegment"	"http://data.vlaanderen.be/ns/adres#Gemeentenaam"	""	"1"	"1"
"connector"	""	"staatLangs"	"{4B74357B-9F57-4f75-B21F-AEF91D8D49D4}"	""	"Referentiepunt"	"{F394B5BC-D7DA-4d0f-A69F-8AAB390836A8}"	"GenummerdeWeg"	"staat langs"	"Route in een transportnetwerk waarlangs het referentiepunt staat"	"Technische code van de genummerde weg waartoe het referentiepunt behoort."	"Hiervoor wordt via een ident8 verwezen naar een genummerde weg. De ident8 is technische code van een genummerde weg toegekend door het Agentschap Wegen en Verkeer"	""	""	""	""	""	""	"staat langs"	"false"	"http://data.vlaanderen.be/ns/weg#"	"staatLangs"	"http://www.w3.org/2002/07/owl#ObjectProperty"	"http://data.vlaanderen.be/ns/weg#Referentiepunt"	"http://data.vlaanderen.be/ns/weg#GenummerdeWeg"	""	"1"	"1"
"connector"	""	"rechterstraatnaam"	"{C70D3F97-6670-442b-9343-A5566C899FB5}"	""	"Wegsegment"	"{6BCB544D-6177-494a-A013-2372F320FCBF}"	"Straatnaam"	"rechterstraatnaam"	"Straatnaam voorkomend aan de rechterstraatkant"	"Straatnaam voorkomend aan de rechterstraatkant"	"De aanduiding links/rechts wordt bepaald adhv de begin- en eindknoop. Men kijkt steeds van begin- naar eindknoop. Dit komt niet altijd overeen met de digitalisatiezin van het wegsegment."	""	""	""	""	""	""	"rechterstraatnaam"	"false"	"http://data.vlaanderen.be/ns/weg#"	"rechterstraatnaam"	"http://www.w3.org/2002/07/owl#ObjectProperty"	"http://data.vlaanderen.be/ns/weg#Wegsegment"	"http://data.vlaanderen.be/ns/adres#Straatnaam"	""	"1"	"1"
"connector"	""	"beginknoop"	"{142B029D-65B5-40ee-8479-F28276C3A289}"	""	"Wegsegment"	"{6BCB544D-6177-494a-A013-2372F320FCBF}"	"Wegknoop"	"beginknoop"	"De beginknoop van het wegsegment"	"De beginknoop van het wegsegment"	""	""	""	""	""	""	""	"beginknoop"	"false"	"http://data.vlaanderen.be/ns/weg#"	"beginknoop"	"http://www.w3.org/2002/07/owl#ObjectProperty"	"http://data.vlaanderen.be/ns/weg#Wegsegment"	"http://data.vlaanderen.be/ns/weg#Wegknoop"	""	"0"	"1"
"connector"	""	"linkerwegbeheerder"	"{537CFD11-2577-47fb-B058-8DF0C3471296}"	""	"Wegsegment"	"{6BCB544D-6177-494a-A013-2372F320FCBF}"	"Organisatie"	"linkerwegbeheerder"	"De organisatie die verantwoordelijk is voor het fysieke onderhoud en beheer van de linkerstraatkant van de weg op het terrein."	"De organisatie die verantwoordelijk is voor het fysieke onderhoud en beheer van de linkerstraatkant van de weg op het terrein."	"De aanduiding links/rechts wordt bepaald adhv de begin- en eindknoop. Men kijkt steeds van begin- naar eindknoop. Dit komt niet altijd overeen met de digitalisatiezin van het wegsegment."	""	""	""	""	""	""	"linkerwegbeheerder"	"false"	"http://data.vlaanderen.be/ns/weg#"	"linkerwegbeheerder"	"http://www.w3.org/2002/07/owl#ObjectProperty"	"http://data.vlaanderen.be/ns/weg#Wegsegment"	"http://www.w3.org/ns/org#Organization"	""	"1"	"1"
"connector"	""	"heeftRijrichting"	"{1061EB1E-3DD1-434d-8370-EB289367DFAD}"	""	"Wegsegment"	"{6BCB544D-6177-494a-A013-2372F320FCBF}"	"Rijrichting"	"heeft rijrichting"	"Geeft de richting van de verkeersstroom aan in relatie tot de logische richting van het wegsegment."	"Geeft de richting van de verkeersstroom aan in relatie tot de logische richting van het wegsegment."	""	""	""	""	""	""	""	"heeft rijrichting"	"false"	"http://data.vlaanderen.be/ns/weg#"	"heeftRijrichting"	"http://www.w3.org/2002/07/owl#ObjectProperty"	"http://data.vlaanderen.be/ns/weg#Wegsegment"	"http://data.vlaanderen.be/ns/weg#Rijrichting"	""	"0"	"*"
"connector"	""	"behoortTot"	"{F702EDC6-1741-4903-AE3B-E8F5912FCEC9}"	""	"Wegsegment"	"{6BCB544D-6177-494a-A013-2372F320FCBF}"	"EuropeseWeg"	"behoort tot"	"De TransportLinkSet tot dewelke het wegsegment behoort"	"Route die deel uitmaakt van het internationale E-wegennetwerk tot dewelke het Wegsegment behoort. De route wordt gekenmerkt door een Europees wegnummer."	""	""	""	""	""	""	""	"behoort tot"	"false"	"http://data.vlaanderen.be/ns/weg#"	"behoortTot"	"http://www.w3.org/2002/07/owl#ObjectProperty"	"http://data.vlaanderen.be/ns/weg#Wegsegment"	"http://data.vlaanderen.be/ns/weg#EuropeseWeg"	""	"0"	"*"
"connector"	""	"rechterwegbeheerder"	"{82F297F0-4785-4d0a-A0C4-1FF02F9778E1}"	""	"Wegsegment"	"{6BCB544D-6177-494a-A013-2372F320FCBF}"	"Organisatie"	"rechterwegbeheerder"	"De organisatie die verantwoordelijk is voor het fysieke onderhoud en beheer van de rechterstraatkant van de weg op het terrein."	"De organisatie die verantwoordelijk is voor het fysieke onderhoud en beheer van de rechterstraatkant van de weg op het terrein."	"De aanduiding links/rechts wordt bepaald adhv de begin- en eindknoop. Men kijkt steeds van begin- naar eindknoop. Dit komt niet altijd overeen met de digitalisatiezin van het wegsegment."	""	""	""	""	""	""	"rechterwegbeheerder"	"false"	"http://data.vlaanderen.be/ns/weg#"	"rechterwegbeheerder"	"http://www.w3.org/2002/07/owl#ObjectProperty"	"http://data.vlaanderen.be/ns/weg#Wegsegment"	"http://www.w3.org/ns/org#Organization"	""	"1"	"1"
"connector"	""	"eindknoop"	"{7092D455-4E90-4978-8E66-168169C9AD47}"	""	"Wegsegment"	"{6BCB544D-6177-494a-A013-2372F320FCBF}"	"Wegknoop"	"eindknoop"	"De eindknoop van het wegsegment"	"De eindknoop van het wegsegment"	""	""	""	""	""	""	""	"eindknoop"	"false"	"http://data.vlaanderen.be/ns/weg#"	"eindknoop"	"http://www.w3.org/2002/07/owl#ObjectProperty"	"http://data.vlaanderen.be/ns/weg#Wegsegment"	"http://data.vlaanderen.be/ns/weg#Wegknoop"	""	"0"	"1"
"connector"	""	"behoortTot"	"{AF037BF4-F6B6-4ada-ADDB-2863176308C4}"	""	"Wegsegment"	"{6BCB544D-6177-494a-A013-2372F320FCBF}"	"NationaleWeg"	"behoort tot"	"De TransportLinkSet tot dewelke het wegsegment behoort"	"Route die deel uitmaakt van het gewestwegennetwerk tot dewelke het Wegsegment behoort. De route wordt gekenmerkt door een nationaal wegnummer."	""	""	""	""	""	""	""	"behoort tot"	"false"	"http://data.vlaanderen.be/ns/weg#"	"behoortTot"	"http://www.w3.org/2002/07/owl#ObjectProperty"	"http://data.vlaanderen.be/ns/weg#Wegsegment"	"http://data.vlaanderen.be/ns/weg#NationaleWeg"	""	"0"	"*"
"attribute"	"OSLO²_applicatieprofiel_Wegenregister"	"genummerdeWegnummer"	"{4BFBC947-ED06-4948-BDEC-47D6701A87DC}"	""	"GenummerdeWeg"	"{113B3E18-E866-455b-B819-1D1B6592F4A0}"	"String"	"genummerdeWegnummer"	"Technische code van een genummerde weg toegekend door het Agentschap Wegen en Verkeer"	"Technische code van een genummerde weg toegekend door het Agentschap Wegen en Verkeer"	"Gebruik hiervoor ident8"	""	""	""	""	""	""	"genummerdeWegnummer"	"false"	"http://data.vlaanderen.be/ns/weg#"	"genummerdeWegnummer"	"http://www.w3.org/2002/07/owl#DatatypeProperty"	"http://data.vlaanderen.be/ns/weg#GenummerdeWeg"	"http://www.w3.org/2001/XMLSchema#string"	""	"1"	"1"
"attribute"	"OSLO²_applicatieprofiel_Wegenregister"	"europeesWegnummer"	"{0BAB159B-3215-4802-8C17-1ACF15F53DFA}"	""	"EuropeseWeg"	"{B8EF4691-8571-4b69-8EFE-B61C69E38245}"	"String"	"europees wegnummer"	"Code die de route in het internationaal E-wegennetwerk identificeert. De code begint steeds met de letter ?E? en wordt vervolledigd door een getal met 1,2 of 3 cijfers."	"Code die de route in het internationaal E-wegennetwerk identificeert. De code begint steeds met de letter ?E? en wordt vervolledigd door een getal met 1,2 of 3 cijfers."	""	""	""	""	""	""	""	"europees wegnummer"	"false"	"http://data.vlaanderen.be/ns/weg#"	"europeesWegnummer"	"http://www.w3.org/2002/07/owl#DatatypeProperty"	"http://data.vlaanderen.be/ns/weg#EuropeseWeg"	"http://www.w3.org/2001/XMLSchema#string"	""	"1"	"1"
"attribute"	"OSLO²_applicatieprofiel_Wegenregister"	"type"	"{C902E500-4278-4ce4-9CBF-53183AAF2DDE}"	""	"OngelijkgrondseKruising"	"{97131527-1BBF-4db8-889E-EC9DEEBEA4D7}"	"OngelijkgrondseKruisingtypeWaarde"	"type"	"Het type van het object"	"Het type ongelijkgrondse kruising (brug/tunnel)"	""	""	""	""	""	""	""	"type"	"true"	"http://purl.org/dc/terms/"	"type"	"http://www.w3.org/1999/02/22-rdf-syntax-ns#Property"	"http://data.vlaanderen.be/ns/weg#OngelijkgrondseKruising"	""	""	"1"	"1"
"attribute"	"OSLO²_applicatieprofiel_Wegenregister"	"geometrie"	"{7212715C-B8AC-432a-8C34-E3F0955E84B9}"	""	"Referentiepunt"	"{F394B5BC-D7DA-4d0f-A69F-8AAB390836A8}"	"Punt"	"geometrie"	"De locatie van het referentiepunt"	"De locatie van het referentiepunt"	""	""	""	""	""	""	""	"geometrie"	"false"	"http://data.vlaanderen.be/ns/weg#"	"geometrie"	"http://www.w3.org/2002/07/owl#ObjectProperty"	"https://www.w3.org/1999/02/22-rdf-syntax-ns#Resource"	"http://www.opengis.net/ont/sf#Point"	""	"1"	"1"
"attribute"	"OSLO²_applicatieprofiel_Wegenregister"	"opschrift"	"{25080A1C-FC39-4da2-86DB-FC1AE6D2FA06}"	""	"Referentiepunt"	"{F394B5BC-D7DA-4d0f-A69F-8AAB390836A8}"	"Afstand"	"opschrift"	"Opschrift van het referentiepunt"	"Opschrift van het referentiepunt"	""	""	""	""	""	""	""	"opschrift"	"false"	"http://data.vlaanderen.be/ns/weg#"	"opschrift"	"http://www.w3.org/2002/07/owl#ObjectProperty"	"http://data.vlaanderen.be/ns/weg#Referentiepunt"	"http://data.vlaanderen.be/ns/weg#Afstand"	""	"1"	"1"
"attribute"	"OSLO²_applicatieprofiel_Wegenregister"	"type"	"{9AF16294-E95B-4093-9D5E-0AD7F63B65C6}"	""	"Referentiepunt"	"{F394B5BC-D7DA-4d0f-A69F-8AAB390836A8}"	"ReferentiepuntTypeWaarde"	"type"	"Het type referentiepunt"	"Het type referentiepunt"	""	""	""	""	""	""	""	"type"	"false"	"http://data.vlaanderen.be/ns/weg#"	"type"	"http://www.w3.org/2002/07/owl#ObjectProperty"	"http://data.vlaanderen.be/ns/weg#Referentiepunt"	"http://www.w3.org/2004/02/skos/core#Concept"	""	"1"	"1"
"attribute"	"OSLO²_applicatieprofiel_Wegenregister"	"geometrie"	"{9480EE51-E8B1-40eb-B68A-9B2922034FA7}"	""	"Wegknoop"	"{90889AE2-190D-42ac-B39D-CF84628D9502}"	"Punt"	"geometrie"	"De locatie van de wegknoop"	"De locatie van de wegknoop"	""	""	""	""	""	""	""	"geometrie"	"false"	"http://data.vlaanderen.be/ns/weg#"	"geometrie"	"http://www.w3.org/2002/07/owl#ObjectProperty"	"https://www.w3.org/1999/02/22-rdf-syntax-ns#Resource"	"http://www.opengis.net/ont/sf#Point"	""	"1"	"1"
"attribute"	"OSLO²_applicatieprofiel_Wegenregister"	"type"	"{9DE2F5E7-3DB8-472b-91CB-30B4145A753A}"	""	"Wegknoop"	"{90889AE2-190D-42ac-B39D-CF84628D9502}"	"WegknoopTypeWaarde"	"type"	"Het type van het object"	"Het type wegknoop"	""	""	""	""	""	""	""	"type"	"true"	"http://purl.org/dc/terms/"	"type"	"http://www.w3.org/2002/07/owl#ObjectProperty"	"http://data.vlaanderen.be/ns/weg#Wegknoop"	"http://www.w3.org/2004/02/skos/core#Concept"	""	"1"	"1"
"attribute"	"OSLO²_applicatieprofiel_Wegenregister"	"middellijnGeometrie"	"{6492BB4E-A1CE-4e48-937E-713497CFBD94}"	""	"Wegsegment"	"{6BCB544D-6177-494a-A013-2372F320FCBF}"	"Lijnstring"	"middelijn geometrie"	"De geometrie die de middellijn van het wegsegment vertegenwoordigt."	"De geometrie die de middellijn van het wegsegment vertegenwoordigt."	""	""	""	""	""	""	""	"middelijn geometrie"	"false"	"http://data.vlaanderen.be/ns/weg#"	"middellijnGeometrie"	"http://www.w3.org/2002/07/owl#ObjectProperty"	"http://data.vlaanderen.be/ns/weg#Wegsegment"	"http://www.opengis.net/ont/sf#LineString"	""	"1"	"1"
"attribute"	"OSLO²_applicatieprofiel_Wegenregister"	"morfologischeWegklasse"	"{54E470B5-7F67-4717-84A9-88F181511337}"	""	"Wegsegment"	"{6BCB544D-6177-494a-A013-2372F320FCBF}"	"MorfologieTypeWaarde"	"morfologische wegklasse"	"Beschrijft bepaalde aspecten van de morfologische vorm die een weg kan aannemen."	"Beschrijft bepaalde aspecten van de morfologische vorm die een weg kan aannemen."	""	""	""	""	""	""	""	"morfologische wegklasse"	"false"	"http://data.vlaanderen.be/ns/weg#"	"morfologischeWegklasse"	"http://www.w3.org/2002/07/owl#ObjectProperty"	"http://data.vlaanderen.be/ns/weg#Wegsegment"	"http://www.w3.org/2004/02/skos/core#Concept"	""	"1"	"1"
"attribute"	"OSLO²_applicatieprofiel_Wegenregister"	"wegcategorie"	"{75D0C61E-51CD-4c0c-8F0B-3421E81928FE}"	""	"Wegsegment"	"{6BCB544D-6177-494a-A013-2372F320FCBF}"	"WegcategorieTypeWaarde"	"wegcategorie"	"Wegcategorie zoals gedefinieerd in het Ruimtelijke Structuurplan Vlaanderen"	"Wegcategorie zoals gedefinieerd in het Ruimtelijke Structuurplan Vlaanderen"	""	""	""	""	""	""	""	"wegcategorie"	"false"	"http://data.vlaanderen.be/ns/weg#"	"wegcategorie"	"http://www.w3.org/2002/07/owl#ObjectProperty"	"http://data.vlaanderen.be/ns/weg#Wegsegment"	"http://www.w3.org/2004/02/skos/core#Concept"	""	"1"	"1"
"attribute"	"OSLO²_applicatieprofiel_Wegenregister"	"toegangsbeperking"	"{C37F4F56-584B-4b7e-9541-7FD951A32178}"	""	"Wegsegment"	"{6BCB544D-6177-494a-A013-2372F320FCBF}"	"ToegangsbeperkingTypeWaarde"	"toegangsbeperking"	"De toegankelijkheid van het wegsegment voor de weggebruiker"	"De toegankelijkheid van het wegsegment voor de weggebruiker"	""	""	""	""	""	""	""	"toegangsbeperking"	"false"	"http://data.vlaanderen.be/ns/weg#"	"toegangsbeperking"	"http://www.w3.org/2002/07/owl#ObjectProperty"	"http://data.vlaanderen.be/ns/weg#Wegsegment"	"http://www.w3.org/2004/02/skos/core#Concept"	""	"1"	"1"
"attribute"	"OSLO²_applicatieprofiel_Wegenregister"	"methodeWegsegmentgeometrie"	"{DDBA15C6-9043-4dc6-BA28-0D82C619A243}"	""	"Wegsegment"	"{6BCB544D-6177-494a-A013-2372F320FCBF}"	"GeomtrieMethodeWaarde"	"methode wegsegmentgeometrie"	"Aanduiding van de kwaliteit/betrouwbaarheid van de geometrie van het wegsegment aan de hand van de methode gebruikt om deze geometrie te bepalen."	"Aanduiding van de kwaliteit/betrouwbaarheid van de geometrie van het wegsegment aan de hand van de methode gebruikt om deze geometrie te bepalen."	""	""	""	""	""	""	""	"methode wegsegmentgeometrie"	"false"	"http://data.vlaanderen.be/ns/weg#"	"methodeWegsegmentgeometrie"	"http://www.w3.org/1999/02/22-rdf-syntax-ns#Property"	"http://data.vlaanderen.be/ns/weg#Wegsegment"	""	""	"1"	"1"
"attribute"	"OSLO²_applicatieprofiel_Wegenregister"	"wegverharding"	"{DB9B9650-18C8-4f2b-8207-C45D54E31B46}"	""	"Wegsegment"	"{6BCB544D-6177-494a-A013-2372F320FCBF}"	"Wegverharding"	"wegverharding"	"Geeft aan of het wegsegment al dan niet verhard is"	"Geeft aan of het wegsegment al dan niet verhard is"	""	""	""	""	""	""	""	"wegverharding"	"false"	"http://data.vlaanderen.be/ns/weg#"	"wegverharding"	"http://www.w3.org/2002/07/owl#ObjectProperty"	"http://data.vlaanderen.be/ns/weg#Wegsegment"	"http://data.vlaanderen.be/ns/weg#Wegverharding"	""	"1"	"*"
"attribute"	"OSLO²_applicatieprofiel_Wegenregister"	"aantalRijstroken"	"{EE1E4FFC-659E-4448-87B9-9053AFC009B9}"	""	"Wegsegment"	"{6BCB544D-6177-494a-A013-2372F320FCBF}"	"AantalRijstroken"	"aantal rijstroken"	"Het aantal rijstroken van een wegsegment"	"Het aantal rijstroken van een wegsegment"	""	""	""	""	""	""	""	"aantal rijstroken"	"false"	"http://data.vlaanderen.be/ns/weg#"	"aantalRijstroken"	"http://www.w3.org/2002/07/owl#ObjectProperty"	"http://data.vlaanderen.be/ns/weg#Wegsegment"	"http://data.vlaanderen.be/ns/weg#AantalRijstroken"	""	"1"	"*"
"attribute"	"OSLO²_applicatieprofiel_Wegenregister"	"wegbreedte"	"{9CC70772-0B11-4d11-B0CF-57B8863B87F8}"	""	"Wegsegment"	"{6BCB544D-6177-494a-A013-2372F320FCBF}"	"Wegbreedte"	"wegbreedte"	"De wegbreedte is de afstand tussen beide randen van een rijbaan"	"De wegbreedte is de afstand tussen beide randen van een rijbaan"	"De wegbreedte  wordt uitgedrukt in meter. Hiernaast wordt er ook de nauwkeurigheid van opmeting gespecificeerd."	""	""	""	""	""	""	"wegbreedte"	"false"	"http://data.vlaanderen.be/ns/weg#"	"wegbreedte"	"http://www.w3.org/2002/07/owl#ObjectProperty"	"http://data.vlaanderen.be/ns/weg#Wegsegment"	"http://data.vlaanderen.be/ns/weg#Wegbreedte"	""	"1"	"*"
"attribute"	"OSLO²_applicatieprofiel_Wegenregister"	"wegsegmentstatus"	"{74470B75-9793-4233-AC59-7F705AC22C67}"	""	"Wegsegment"	"{6BCB544D-6177-494a-A013-2372F320FCBF}"	"WegsegmentStatusWaarde"	"wegsegmentstatus"	"De status van het wegsegment"	"De status van het wegsegment"	"De focus zal in eerste instantie liggen op de wegsegmenten met status = gerealiseerd"	""	""	""	""	""	""	"wegsegmentstatus"	"false"	"http://data.vlaanderen.be/ns/weg#"	"wegsegmentstatus"	"http://www.w3.org/2002/07/owl#ObjectProperty"	"http://data.vlaanderen.be/ns/weg#Wegsegment"	"http://www.w3.org/2004/02/skos/core#Concept"	""	"1"	"1"
"attribute"	"OSLO²_applicatieprofiel_Wegenregister"	"alternatieveStraatnaam"	"{D3BAEAD1-820F-4b35-A89B-2E1DB560BEBA}"	""	"Wegsegment"	"{6BCB544D-6177-494a-A013-2372F320FCBF}"	"String"	"alternatieve straatnaam"	"De alternatieve straatnaam. Dit is geen officiële straatnaam."	"De alternatieve straatnaam. Dit is geen officiële straatnaam."	"Dit attribuut kan gebruikt worden wanneer er bijvoorbeeld een alternatieve, niet-officiële straatnaam gebruikt wordt in de volksmond."	""	""	""	""	""	""	"alternatieve straatnaam"	"false"	"http://data.vlaanderen.be/ns/weg#"	"alternatieveStraatnaam"	"http://www.w3.org/2002/07/owl#DatatypeProperty"	"http://data.vlaanderen.be/ns/weg#Wegsegment"	"http://www.w3.org/2001/XMLSchema#string"	""	"0"	"1"
"attribute"	"OSLO²_applicatieprofiel_Wegenregister"	"volgnummer"	"{2C5A553C-2C7E-4589-AD8C-E784E986EC0B}"	""	"Positie"	"{21B528EF-8320-488d-9B3B-93F595429D9B}"	"int"	"volgnummer"	"Volgnummer van het Wegsegment in de ordening van de TransportLinkSet"	"Volgnummer van het Wegsegment in de ordening van de GenummerdeWeg"	""	""	""	""	""	""	""	"volgnummer"	"false"	"http://data.vlaanderen.be/ns/weg#"	"volgnummer"	"http://www.w3.org/1999/02/22-rdf-syntax-ns#Property"	"http://data.vlaanderen.be/ns/weg#Positie"	""	""	"1"	"1"
"attribute"	"OSLO²_applicatieprofiel_Wegenregister"	"richting"	"{E30097B8-6C4A-4110-8996-9F57130C590B}"	""	"Positie"	"{21B528EF-8320-488d-9B3B-93F595429D9B}"	"GenumWegLktRichting"	"richting"	"De logische richting wordt bepaald adhv de begin- en eindknoop."	"De richting waarin de ident 8 geldt ten opzichte van het wegsegment"	"De richting wordt bepaald adhv de begin- en eindknoop. Men kijkt steeds van begin- naar eindknoop. Dit komt niet altijd overeen met de digitalisatiezin van het wegsegment."	""	""	""	""	""	""	"richting"	"false"	"http://data.vlaanderen.be/ns/weg#"	"richting"	"http://www.w3.org/1999/02/22-rdf-syntax-ns#Property"	"https://www.w3.org/1999/02/22-rdf-syntax-ns#Resource"	""	""	"1"	"1"
"attribute"	"OSLO²_applicatieprofiel_Wegenregister"	"rijrichting"	"{0C162147-FE68-49b8-B55B-D5A57938CA79}"	""	"Rijrichting"	"{B208443E-79CA-498a-8A35-A8ED2537B364}"	"RichtingWaarde"	"rijrichting"	"Geeft de richting van de verkeersstroom aan in relatie tot de logische richting van het wegsegment."	"Geeft de richting van de verkeersstroom aan in relatie tot de logische richting van het wegsegment."	"De logische richting wordt bepaald adhv de begin- en eindknoop. Men kijkt steeds van begin- naar eindknoop. Dit komt niet altijd overeen met de digitalisatiezin van het wegsegment."	""	""	""	""	""	""	"rijrichting"	"false"	"http://data.vlaanderen.be/ns/weg#"	"rijrichting"	"http://www.w3.org/2002/07/owl#ObjectProperty"	"http://data.vlaanderen.be/ns/weg#Rijrichting"	"http://www.w3.org/2004/02/skos/core#Concept"	""	"1"	"1"
"attribute"	"OSLO²_applicatieprofiel_Wegenregister"	"voertuigtype"	"{D018732C-220E-401b-9024-FF2841754F57}"	""	"Rijrichting"	"{B208443E-79CA-498a-8A35-A8ED2537B364}"	"VoertuigTypeWaarde"	"voertuigtype"	"Het type voertuig waarvoor deze rijrichting geldt"	"Het type voertuig waarvoor deze rijrichting geldt."	"Het basisproduct Wegenregister spreekt enkel over de rijrichting voor het voertuigtype auto."	""	""	""	""	""	""	"voertuigtype"	"false"	"http://data.vlaanderen.be/ns/weg#"	"voertuigtype"	"http://www.w3.org/2002/07/owl#ObjectProperty"	"http://data.vlaanderen.be/ns/weg#Rijrichting"	"http://www.w3.org/2004/02/skos/core#Concept"	""	"0"	"*"
"attribute"	"OSLO²_applicatieprofiel_Wegenregister"	"geldigheidsperiode"	"{BA631851-57F7-4330-92D2-B36139F627C4}"	""	"Rijrichting"	"{B208443E-79CA-498a-8A35-A8ED2537B364}"	"Tijdsinterval"	"geldigheidsperiode"	"Periode waarin de rijrichting geldt."	"Periode waarin de rijrichting geldt"	"De geldigheidsperiode wordt alleen ingevuld wanneer er afwijkende tijdsperiodes van toepassing zijn"	""	""	""	""	""	""	"geldigheidsperiode"	"false"	"http://data.vlaanderen.be/ns/weg#"	"geldigheidsperiode"	"http://www.w3.org/2002/07/owl#ObjectProperty"	"http://data.vlaanderen.be/ns/weg#Rijrichting"	"http://purl.org/dc/terms/PeriodOfTime"	""	"0"	"*"
"attribute"	"OSLO²_applicatieprofiel_Wegenregister"	"snelheidsbeperkingWaarde"	"{D4495023-F909-431c-95BD-6E5EC8F6943B}"	""	"Snelheidsbeperking"	"{0B453827-AF36-4213-8895-0C0D549F47CE}"	"Snelheid"	"snelheidsbeperking waarde"	"Waarde van de snelheidsbeperking die op dat wegsegment geldt"	"Waarde van de snelheidsbeperking die op dat wegsegment geldt"	""	""	""	""	""	""	""	"snelheidsbeperking waarde"	"false"	"http://data.vlaanderen.be/ns/weg#"	"snelheidsbeperkingWaarde"	"http://www.w3.org/2002/07/owl#ObjectProperty"	"http://data.vlaanderen.be/ns/weg#Snelheidsbeperking"	"http://data.vlaanderen.be/ns/weg#Snelheid"	""	"1"	"1"
"attribute"	"OSLO²_applicatieprofiel_Wegenregister"	"richting"	"{1E1CA9E9-12A2-4cb0-B4F8-6215DA45CA76}"	""	"Snelheidsbeperking"	"{0B453827-AF36-4213-8895-0C0D549F47CE}"	"RichtingWaarde"	"richting"	"De logische richting wordt bepaald adhv de begin- en eindknoop."	"De richting waarin de snelheidsbeperking geldt."	"De richting wordt bepaald adhv de begin- en eindknoop. Men kijkt steeds van begin- naar eindknoop. Dit komt niet altijd overeen met de digitalisatiezin van het wegsegment."	""	""	""	""	""	""	"richting"	"false"	"http://data.vlaanderen.be/ns/weg#"	"richting"	"http://www.w3.org/2002/07/owl#ObjectProperty"	"https://www.w3.org/1999/02/22-rdf-syntax-ns#Resource"	"http://www.w3.org/2004/02/skos/core#Concept"	""	"1"	"1"
"attribute"	"OSLO²_applicatieprofiel_Wegenregister"	"snelheidslimietBron"	"{0A9085A2-C8D5-4d8a-A4FD-405950599D15}"	""	"Snelheidsbeperking"	"{0B453827-AF36-4213-8895-0C0D549F47CE}"	"SnelheidslimietBronWaarde"	"snelheidsbeperking bron"	"Bron van de snelheidsbeperking"	"Bron van de snelheidsbeperking"	""	""	""	""	""	""	""	"snelheidsbeperking bron"	"false"	"http://data.vlaanderen.be/ns/weg#"	"snelheidslimietBron"	"http://www.w3.org/2002/07/owl#ObjectProperty"	"http://data.vlaanderen.be/ns/weg#Snelheidsbeperking"	"http://www.w3.org/2004/02/skos/core#Concept"	""	"1"	"1"
"attribute"	"OSLO²_applicatieprofiel_Wegenregister"	"snelheidszone"	"{B41E663F-2F9A-4c89-812F-8023E7B41A5C}"	""	"Snelheidsbeperking"	"{0B453827-AF36-4213-8895-0C0D549F47CE}"	"Snelheid"	"snelheidszone"	"Waarde van de snelheidszone waarin het wegsegment zich bevindt."	"Waarde van de snelheidszone waarin het wegsegment zich bevindt."	"De waarde van de snelheidszone en de snelheidsbeperking kan soms verschillend zijn. Bv. wanneer men 30km/u mag rijden maar zich in een zone 50 bevindt."	""	""	""	""	""	""	"snelheidszone"	"false"	"http://data.vlaanderen.be/ns/weg#"	"snelheidszone"	"http://www.w3.org/2002/07/owl#ObjectProperty"	"http://data.vlaanderen.be/ns/weg#Snelheidsbeperking"	"http://data.vlaanderen.be/ns/weg#Snelheid"	""	"0"	"*"
"attribute"	"OSLO²_applicatieprofiel_Wegenregister"	"omgeving"	"{FE7CFFB1-DC2F-4e6f-B82C-63205240DD5F}"	""	"Snelheidsbeperking"	"{0B453827-AF36-4213-8895-0C0D549F47CE}"	"OmgevingsWaarde"	"omgeving"	"De snelheidsbeperking is afhankelijk van de omgeving waarin het wegsegment zich bevindt."	"De snelheidsbeperking is afhankelijk van de omgeving waarin het wegsegment zich bevindt."	""	""	""	""	""	""	""	"omgeving"	"false"	"http://data.vlaanderen.be/ns/weg#"	"omgeving"	"http://www.w3.org/2002/07/owl#ObjectProperty"	"http://data.vlaanderen.be/ns/weg#Snelheidsbeperking"	"http://www.w3.org/2004/02/skos/core#Concept"	""	"0"	"*"
"attribute"	"OSLO²_applicatieprofiel_Wegenregister"	"wkt"	"{E65704E2-F258-4016-93F3-EDE1D8C8D5EB}"	""	"Geometrie"	"{DDC6679F-CF82-4cc9-ADA6-CDF998A30428}"	"GetypeerdeString"	"als WKT"	"Geometrie uitgedrukt in wkt-formaat."	"Geometrie uitgedrukt in wkt-formaat."	"Gebruik http://www.opengis.net/ont/geosparql#wktLiteral als datatype."	""	""	""	""	""	""	"als WKT"	"true"	"http://www.opengis.net/ont/geosparql#"	"asWKT"	"http://www.w3.org/1999/02/22-rdf-syntax-ns#Property"	"http://www.w3.org/ns/locn#Geometry"	""	""	"0"	"1"
"attribute"	"OSLO²_applicatieprofiel_Wegenregister"	"gml"	"{70D1A74E-62BC-4606-A896-D0CEBA96C26F}"	""	"Geometrie"	"{DDC6679F-CF82-4cc9-ADA6-CDF998A30428}"	"GetypeerdeString"	"als GML"	"Geometrie uitgedrukt in gml-formaat."	"Geometrie uitgedrukt in gml-formaat."	"Gebruik http://www.opengis.net/ont/geosparql#gmlLiteral als datatype."	""	""	""	""	""	""	"als GML"	"true"	"http://www.opengis.net/ont/geosparql#"	"asGML"	"http://www.w3.org/1999/02/22-rdf-syntax-ns#Property"	"http://www.w3.org/ns/locn#Geometry"	""	""	"0"	"1"
"attribute"	"OSLO²_applicatieprofiel_Wegenregister"	"aantal"	"{5240DF36-BC04-4145-91EC-3560EC2D4053}"	""	"AantalRijstroken"	"{C4D489E6-DA4A-4a3e-8134-80A1772F2B73}"	"Integer"	"aantal"	"Het aantal door (doorlopende of onderbroken) witte strepen begrensde delen van de rijbaan, plaats biedend aan autoverkeer"	"Het aantal door (doorlopende of onderbroken) witte strepen begrensde delen van de rijbaan, plaats biedend aan autoverkeer"	""	""	""	""	""	""	""	"aantal"	"false"	"http://data.vlaanderen.be/ns/weg#"	"aantal"	"http://www.w3.org/2002/07/owl#DatatypeProperty"	"http://data.vlaanderen.be/ns/weg#AantalRijstroken"	"http://www.w3.org/2001/XMLSchema#integer"	""	"1"	"1"
"attribute"	"OSLO²_applicatieprofiel_Wegenregister"	"vanPositie"	"{D19E61C9-AE8B-4610-B0BE-81E0002565FD}"	""	"AantalRijstroken"	"{C4D489E6-DA4A-4a3e-8134-80A1772F2B73}"	"Lengte"	"van positie"	"De startpositie, uitgedrukt als de afstand langs de veelhoekslijn vanaf de start van het wegsegment."	"De startpositie, uitgedrukt als de afstand langs de veelhoekslijn vanaf de start van het wegsegment."	""	""	""	""	""	""	""	"van positie"	"false"	"http://data.vlaanderen.be/ns/weg#"	"vanPositie"	"http://www.w3.org/2002/07/owl#ObjectProperty"	"https://www.w3.org/1999/02/22-rdf-syntax-ns#Resource"	"http://data.vlaanderen.be/ns/weg#Lengte"	""	"1"	"1"
"attribute"	"OSLO²_applicatieprofiel_Wegenregister"	"totPositie"	"{C855DBDD-B320-4be9-B732-BDA89DA79C0F}"	""	"AantalRijstroken"	"{C4D489E6-DA4A-4a3e-8134-80A1772F2B73}"	"Lengte"	"tot positie"	"De eindpositie, uitgedrukt als de afstand langs de veelhoekslijn vanaf de start van het wegsegment."	"De eindpositie, uitgedrukt als de afstand langs de veelhoekslijn vanaf de start van het wegsegment."	""	""	""	""	""	""	""	"tot positie"	"false"	"http://data.vlaanderen.be/ns/weg#"	"totPositie"	"http://www.w3.org/2002/07/owl#ObjectProperty"	"https://www.w3.org/1999/02/22-rdf-syntax-ns#Resource"	"http://data.vlaanderen.be/ns/weg#Lengte"	""	"1"	"1"
"attribute"	"OSLO²_applicatieprofiel_Wegenregister"	"richting"	"{25E93943-4D74-4e19-B5F5-0284853653D3}"	""	"AantalRijstroken"	"{C4D489E6-DA4A-4a3e-8134-80A1772F2B73}"	"RichtingWaarde"	"richting"	"De logische richting wordt bepaald adhv de begin- en eindknoop."	"De richting waarin het aantal rijstroken geldt."	"De richting wordt bepaald adhv de begin- en eindknoop. Men kijkt steeds van begin- naar eindknoop. Dit komt niet altijd overeen met de digitalisatiezin van het wegsegment."	""	""	""	""	""	""	"richting"	"false"	"http://data.vlaanderen.be/ns/weg#"	"richting"	"http://www.w3.org/2002/07/owl#ObjectProperty"	"https://www.w3.org/1999/02/22-rdf-syntax-ns#Resource"	"http://www.w3.org/2004/02/skos/core#Concept"	""	"1"	"1"
"attribute"	"OSLO²_applicatieprofiel_Wegenregister"	"breedte"	"{5D0E2E7E-7768-440c-B11C-2076815E9D6F}"	""	"Wegbreedte"	"{888FFACF-B68B-4f2f-AB73-87FF904C77FE}"	"Double"	"breedte"	"De wegbreedte is de afstand tussen beide randen van de baan, in meter, gemeten als gemiddelde waarde"	"De wegbreedte is de afstand tussen beide randen van de baan, in meter, gemeten als gemiddelde waarde"	""	""	""	""	""	""	""	"breedte"	"false"	"http://data.vlaanderen.be/ns/weg#"	"breedte"	"http://www.w3.org/2002/07/owl#DatatypeProperty"	"http://data.vlaanderen.be/ns/weg#Wegbreedte"	"http://www.w3.org/2001/XMLSchema#double"	""	"1"	"1"
"attribute"	"OSLO²_applicatieprofiel_Wegenregister"	"vanPositie"	"{54E4CD90-F906-4de3-A302-9B79B42250C2}"	""	"Wegbreedte"	"{888FFACF-B68B-4f2f-AB73-87FF904C77FE}"	"Lengte"	"van positie"	"De startpositie, uitgedrukt als de afstand langs de veelhoekslijn vanaf de start van het wegsegment."	"De startpositie, uitgedrukt als de afstand langs de veelhoekslijn vanaf de start van het wegsegment."	""	""	""	""	""	""	""	"van positie"	"false"	"http://data.vlaanderen.be/ns/weg#"	"vanPositie"	"http://www.w3.org/2002/07/owl#ObjectProperty"	"https://www.w3.org/1999/02/22-rdf-syntax-ns#Resource"	"http://data.vlaanderen.be/ns/weg#Lengte"	""	"1"	"1"
"attribute"	"OSLO²_applicatieprofiel_Wegenregister"	"totPositie"	"{649F5FDD-8719-47d2-A1B2-523E247EAD8C}"	""	"Wegbreedte"	"{888FFACF-B68B-4f2f-AB73-87FF904C77FE}"	"Lengte"	"tot positie"	"De eindpositie, uitgedrukt als de afstand langs de veelhoekslijn vanaf de start van het wegsegment."	"De eindpositie, uitgedrukt als de afstand langs de veelhoekslijn vanaf de start van het wegsegment."	""	""	""	""	""	""	""	"tot positie"	"false"	"http://data.vlaanderen.be/ns/weg#"	"totPositie"	"http://www.w3.org/2002/07/owl#ObjectProperty"	"https://www.w3.org/1999/02/22-rdf-syntax-ns#Resource"	"http://data.vlaanderen.be/ns/weg#Lengte"	""	"1"	"1"
"attribute"	"OSLO²_applicatieprofiel_Wegenregister"	"nauwkeurigheidVanOpmeting"	"{44DD00E5-516F-4f3e-BF84-0FFA7A1DB37F}"	""	"Wegbreedte"	"{888FFACF-B68B-4f2f-AB73-87FF904C77FE}"	"Meeteenheid"	"nauwkeurigheid van opmeting"	"De nauwkeurigheid waarmee de wegbreedte werd opgemeten"	"De nauwkeurigheid waarmee de wegbreedte werd opgemeten"	""	""	""	""	""	""	""	"nauwkeurigheid van opmeting"	"false"	"http://data.vlaanderen.be/ns/weg#"	"nauwkeurigheidVanOpmeting"	"http://www.w3.org/1999/02/22-rdf-syntax-ns#Property"	"http://data.vlaanderen.be/ns/weg#Wegbreedte"	""	""	"1"	"1"
"attribute"	"OSLO²_applicatieprofiel_Wegenregister"	"meeteenheid"	"{7D9834C0-6CD6-4c32-9B1D-AE62BA7181EB}"	""	"Meting"	"{1E811EBD-5596-465f-8646-A15370C51526}"	"MeeteenheidWaarde"	"meeteenheid"	"Meeteenheid bij de numerieke hoeveelheid die is opgegeven of gemeten voor een fysieke entiteit"	"Meeteenheid bij de numerieke hoeveelheid die is opgegeven of gemeten voor een fysieke entiteit"	""	""	""	""	""	""	""	"meeteenheid"	"false"	"http://data.vlaanderen.be/ns/weg#"	"meeteenheid"	"http://www.w3.org/2002/07/owl#ObjectProperty"	"http://data.vlaanderen.be/ns/weg#Meting"	"http://www.w3.org/2004/02/skos/core#Concept"	""	"1"	"1"
"attribute"	"OSLO²_applicatieprofiel_Wegenregister"	"waarde"	"{1BAA5C86-870B-4fa7-8C68-B1A281CAE64E}"	""	"Meting"	"{1E811EBD-5596-465f-8646-A15370C51526}"	"Decimal"	"waarde"	"Aangegeven of gemeten fysieke grootte uitgedrukt als een numerieke hoeveelheid"	"Aangegeven of gemeten fysieke grootte uitgedrukt als een numerieke hoeveelheid"	""	""	""	""	""	""	""	"waarde"	"false"	"http://data.vlaanderen.be/ns/weg#"	"waarde"	"http://www.w3.org/2002/07/owl#ObjectProperty"	"http://data.vlaanderen.be/ns/weg#Meting"	"http://www.w3.org/2001/XMLSchema#decimal"	""	"1"	"1"
"attribute"	"OSLO²_applicatieprofiel_Wegenregister"	"einde"	"{7E9B35D9-648F-4c87-9261-8A60856EA5F4}"	""	"Tijdsinterval"	"{9FC142D5-2278-4237-A470-97DAFD7B4E5E}"	"GetypeerdeString"	"einde"	"TODO"	"TODO"	""	""	""	""	""	""	""	"einde"	"false"	"http://data.vlaanderen.be/ns/weg#"	"einde"	"http://www.w3.org/1999/02/22-rdf-syntax-ns#Property"	"http://purl.org/dc/terms/PeriodOfTime"	""	""	"1"	"1"
"attribute"	"OSLO²_applicatieprofiel_Wegenregister"	"begin"	"{71DFB293-2EB0-4f2d-AD62-C7EDDB83804D}"	""	"Tijdsinterval"	"{9FC142D5-2278-4237-A470-97DAFD7B4E5E}"	"GetypeerdeString"	"begin"	"TODO"	"TODO"	""	""	""	""	""	""	""	"begin"	"false"	"http://data.vlaanderen.be/ns/weg#"	"begin"	"http://www.w3.org/1999/02/22-rdf-syntax-ns#Property"	"http://purl.org/dc/terms/PeriodOfTime"	""	""	"1"	"1"
"attribute"	"OSLO²_applicatieprofiel_Wegenregister"	"verharding"	"{21A8AB93-577F-4d6f-8C8F-42B1C3BD2A3F}"	""	"Wegverharding"	"{8A141722-306A-4bc9-9876-2DBEE433C00D}"	"WegverhardingTypeWaarde"	"verharding"	"Het type wegverharding van een wegsegment"	"Het type wegverharding van een wegsegment"	""	""	""	""	""	""	""	"verharding"	"false"	"http://data.vlaanderen.be/ns/weg#"	"verharding"	"http://www.w3.org/2002/07/owl#ObjectProperty"	"http://data.vlaanderen.be/ns/weg#Wegverharding"	"http://www.w3.org/2004/02/skos/core#Concept"	""	"1"	"1"
"attribute"	"OSLO²_applicatieprofiel_Wegenregister"	"vanPositie"	"{EB52A4F7-6E43-4ac8-8537-C492FCE41C56}"	""	"Wegverharding"	"{8A141722-306A-4bc9-9876-2DBEE433C00D}"	"Lengte"	"van positie"	"De startpositie, uitgedrukt als de afstand langs de veelhoekslijn vanaf de start van het wegsegment."	"De startpositie, uitgedrukt als de afstand langs de veelhoekslijn vanaf de start van het wegsegment."	""	""	""	""	""	""	""	"van positie"	"false"	"http://data.vlaanderen.be/ns/weg#"	"vanPositie"	"http://www.w3.org/2002/07/owl#ObjectProperty"	"https://www.w3.org/1999/02/22-rdf-syntax-ns#Resource"	"http://data.vlaanderen.be/ns/weg#Lengte"	""	"1"	"1"
"attribute"	"OSLO²_applicatieprofiel_Wegenregister"	"totPositie"	"{6155D995-A65C-4586-9DEE-0858E1C1F15C}"	""	"Wegverharding"	"{8A141722-306A-4bc9-9876-2DBEE433C00D}"	"Lengte"	"tot positie"	"De eindpositie, uitgedrukt als de afstand langs de veelhoekslijn vanaf de start van het wegsegment."	"De eindpositie, uitgedrukt als de afstand langs de veelhoekslijn vanaf de start van het wegsegment."	""	""	""	""	""	""	""	"tot positie"	"false"	"http://data.vlaanderen.be/ns/weg#"	"totPositie"	"http://www.w3.org/2002/07/owl#ObjectProperty"	"https://www.w3.org/1999/02/22-rdf-syntax-ns#Resource"	"http://data.vlaanderen.be/ns/weg#Lengte"	""	"1"	"1"
"attribute"	"OSLO²_applicatieprofiel_Wegenregister"	"identificator"	"{17A9D596-6705-41fa-85B5-4EEF92B411A4}"	""	"Identificator"	"{A8D55970-2575-4034-A660-E0B57FEC6562}"	"GetypeerdeString"	"notatie"	"TODO"	"String gebruikt om het object uniek te identificeren. "	"Type vd string slaat op het identificatiesysteem (incl de versie ervan), de string zelf op de eigenlijke identificator."	""	""	""	""	""	""	"identificator"	"true"	"http://www.w3.org/2004/02/skos/core#"	"notation"	"http://www.w3.org/1999/02/22-rdf-syntax-ns#Property"	"http://www.w3.org/ns/adms#Identifier"	""	""	"1"	"1"
"attribute"	"OSLO²_applicatieprofiel_Wegenregister"	"gestructureerdedentificator"	"{DF173505-F791-4480-A463-AC89F8DA2FC9}"	""	"Identificator"	"{A8D55970-2575-4034-A660-E0B57FEC6562}"	"GestructureerdeIdentificator"	"TODO"	"TODO"	"Identificator vh object opgesplitst in zijn onderdelen."	""	""	""	""	""	""	""	"gestructureerde identificator"	"false"	"http://data.vlaanderen.be/ns/weg#"	"gestructureerdedentificator"	"http://www.w3.org/2002/07/owl#ObjectProperty"	"http://www.w3.org/ns/adms#Identifier"	"http://data.vlaanderen.be/ns/weg#GestructureerdeIdentificator"	""	"0"	"1"
"attribute"	"OSLO²_applicatieprofiel_Wegenregister"	"toegekendDoor"	"{31904F22-4C39-4afd-9C3E-0102DFA7A0C1}"	""	"Identificator"	"{A8D55970-2575-4034-A660-E0B57FEC6562}"	"Agent"	"maker"	"TODO"	"Link naar de agent die de identificator heeft uitgegeven."	" "	""	""	""	""	""	""	"toegekend door"	"true"	"http://purl.org/dc/terms/"	"creator"	"http://www.w3.org/1999/02/22-rdf-syntax-ns#Property"	"http://www.w3.org/ns/adms#Identifier"	""	""	"0"	"1"
"attribute"	"OSLO²_applicatieprofiel_Wegenregister"	"toegekendDoorString"	"{2B389865-6D00-4e7a-B741-669F7A3CFCCA}"	""	"Identificator"	"{A8D55970-2575-4034-A660-E0B57FEC6562}"	"String"	"schema agentschap"	"TODO"	"Naam vd agent die de identificator heeft toegekend."	" "	""	""	""	""	""	""	"toegekend door (String)"	"true"	"http://www.w3.org/ns/adms#"	"schemaAgency"	"http://www.w3.org/2002/07/owl#DatatypeProperty"	"http://www.w3.org/ns/adms#Identifier"	"http://www.w3.org/2001/XMLSchema#string"	""	"0"	"1"
"attribute"	"OSLO²_applicatieprofiel_Wegenregister"	"toegekendOp"	"{A122BF36-4299-42c0-86E9-F8DD96440F12}"	""	"Identificator"	"{A8D55970-2575-4034-A660-E0B57FEC6562}"	"DateTime"	"uitgegeven"	"TODO"	"Tijdstip waarop de identificator werd uitgegeven."	" "	""	""	""	""	""	""	"toegekend op"	"true"	"http://purl.org/dc/terms/"	"issued"	"http://www.w3.org/2002/07/owl#DatatypeProperty"	"http://www.w3.org/ns/adms#Identifier"	"http://www.w3.org/2001/XMLSchema#dateTime"	""	"0"	"1"
"attribute"	"OSLO²_applicatieprofiel_Wegenregister"	"lokaleIdentificator"	"{36AF18C5-7F00-4cab-99F7-6E6D86FBB74E}"	""	"GestructureerdeIdentificator"	"{54964433-CF3A-41e1-B8FB-0E372E9542AB}"	"String"	"TODO"	"TODO"	"String gebruikt om het object uniek te identificeren binnen de naamruimte."	""	""	""	""	""	""	""	"lokale identificator"	"false"	"http://data.vlaanderen.be/ns/weg#"	"lokaleIdentificator"	"http://www.w3.org/2002/07/owl#DatatypeProperty"	"http://data.vlaanderen.be/ns/weg#GestructureerdeIdentificator"	"http://www.w3.org/2001/XMLSchema#string"	""	"1"	"1"
"attribute"	"OSLO²_applicatieprofiel_Wegenregister"	"naamruimte"	"{3F5F9B10-D6CC-4977-B6A4-DFB9DF258A5B}"	""	"GestructureerdeIdentificator"	"{54964433-CF3A-41e1-B8FB-0E372E9542AB}"	"String"	"TODO"	"TODO"	"String die toegvoegd wordt aan de lokaleidentificator om deze globaal uniek te maken."	"Laat toe om objecten met dezelfde identificator maar van verschillend type en/of afkomstig uit verschillende domeinen uiteen te houden. In praktijk bv een uri samengesteld uit betekenisvolle elementen zoals een domeinnaam, type en concept (bv http://data.vlaanderen.be/id/adres/). "	""	""	""	""	""	""	"naamruimte"	"false"	"http://data.vlaanderen.be/ns/weg#"	"naamruimte"	"http://www.w3.org/2002/07/owl#DatatypeProperty"	"http://data.vlaanderen.be/ns/weg#GestructureerdeIdentificator"	"http://www.w3.org/2001/XMLSchema#string"	""	"1"	"1"
"attribute"	"OSLO²_applicatieprofiel_Wegenregister"	"versieIdentificator"	"{B1D304C1-16FD-4d96-A454-C58472F59FA8}"	""	"GestructureerdeIdentificator"	"{54964433-CF3A-41e1-B8FB-0E372E9542AB}"	"String"	"TODO"	"TODO"	"Identificator van de specifieke versie van een object."	""	""	""	""	""	""	""	"versie-identificator"	"false"	"http://data.vlaanderen.be/ns/weg#"	"versieIdentificator"	"http://www.w3.org/2002/07/owl#DatatypeProperty"	"http://data.vlaanderen.be/ns/weg#GestructureerdeIdentificator"	"http://www.w3.org/2001/XMLSchema#string"	""	"0"	"1"
"attribute"	"OSLO²_applicatieprofiel_Wegenregister"	"nationaleWegnummer"	"{F0C09B92-8EC6-46c9-92BC-F423CFDA1F30}"	""	"NationaleWeg"	"{79AD28E0-0747-4d82-B9A2-78D9FC345023}"	"String"	"nationale wegnummer"	"Code die de route in het nationale wegennetwerk identificeert."	"Code die de route in het nationale wegennetwerk identificeert."	"Gebruik hiervoor de indent 2"	""	""	""	""	""	""	"nationale wegnummer"	"false"	"http://data.vlaanderen.be/ns/weg#"	"nationaleWegnummer"	"http://www.w3.org/2002/07/owl#DatatypeProperty"	"http://data.vlaanderen.be/ns/weg#NationaleWeg"	"http://www.w3.org/2001/XMLSchema#string"	""	"1"	"1"
"attribute"	"OSLO²_applicatieprofiel_Wegenregister"	"mg"	"{29AE4912-70A6-4a9c-91B9-707E62F825E6}"	""	"MeeteenheidWaarde"	"{B339600B-3419-4424-9035-792AF3E6F631}"	""	"TODO"	"TODO"	"TODO"	""	""	""	""	""	""	""	""	"false"	"http://data.vlaanderen.be/ns/weg/MeeteenheidWaarde/"	"http://data.vlaanderen.be/ns/weg/MeeteenheidWaarde/mg"	"http://www.w3.org/2004/02/skos/core#Concept"	""	""	""	""	""
"attribute"	"OSLO²_applicatieprofiel_Wegenregister"	"g"	"{7C8A59AC-BD17-45c8-A6D5-10261C43A6B1}"	""	"MeeteenheidWaarde"	"{B339600B-3419-4424-9035-792AF3E6F631}"	""	"TODO"	"TODO"	"TODO"	""	""	""	""	""	""	""	""	"false"	"http://data.vlaanderen.be/ns/weg/MeeteenheidWaarde/"	"http://data.vlaanderen.be/ns/weg/MeeteenheidWaarde/g"	"http://www.w3.org/2004/02/skos/core#Concept"	""	""	""	""	""
"attribute"	"OSLO²_applicatieprofiel_Wegenregister"	"kg"	"{ABE09C5C-A8D5-4af4-B5BC-E3C1D210D3F1}"	""	"MeeteenheidWaarde"	"{B339600B-3419-4424-9035-792AF3E6F631}"	""	"TODO"	"TODO"	"TODO"	""	""	""	""	""	""	""	""	"false"	"http://data.vlaanderen.be/ns/weg/MeeteenheidWaarde/"	"http://data.vlaanderen.be/ns/weg/MeeteenheidWaarde/kg"	"http://www.w3.org/2004/02/skos/core#Concept"	""	""	""	""	""
"attribute"	"OSLO²_applicatieprofiel_Wegenregister"	"t"	"{CDAC3D46-0178-491a-822A-6FF8981F6233}"	""	"MeeteenheidWaarde"	"{B339600B-3419-4424-9035-792AF3E6F631}"	""	"TODO"	"TODO"	"TODO"	""	""	""	""	""	""	""	""	"false"	"http://data.vlaanderen.be/ns/weg/MeeteenheidWaarde/"	"http://data.vlaanderen.be/ns/weg/MeeteenheidWaarde/t"	"http://www.w3.org/2004/02/skos/core#Concept"	""	""	""	""	""
"attribute"	"OSLO²_applicatieprofiel_Wegenregister"	"Mt"	"{0CA0470A-8D65-45a1-8548-2B9FBEC54BE9}"	""	"MeeteenheidWaarde"	"{B339600B-3419-4424-9035-792AF3E6F631}"	""	"TODO"	"TODO"	"TODO"	""	""	""	""	""	""	""	""	"false"	"http://data.vlaanderen.be/ns/weg/MeeteenheidWaarde/"	"http://data.vlaanderen.be/ns/weg/MeeteenheidWaarde/Mt"	"http://www.w3.org/2004/02/skos/core#Concept"	""	""	""	""	""
